Package,LibPath,Version,Priority,Depends,Imports,LinkingTo,Suggests,Enhances,License,License_is_FOSS,License_restricts_use,OS_type,MD5sum,NeedsCompilation,Built
abind,C:/Users/jenni/Documents/R/win-library/3.5,1.4-5,NA,R (>= 1.5.0),"methods, utils",NA,NA,NA,LGPL (>= 2),NA,NA,NA,NA,no,3.5.0
acepack,C:/Users/jenni/Documents/R/win-library/3.5,1.4.1,NA,NA,NA,NA,testthat,NA,MIT + file LICENSE,NA,NA,NA,NA,yes,3.5.1
arm,C:/Users/jenni/Documents/R/win-library/3.5,1.10-1,NA,"R (>= 3.1.0), MASS, Matrix (>= 1.0), stats, lme4 (>= 1.0)","abind, coda, graphics, grDevices, methods, nlme, utils",NA,NA,NA,GPL (>= 3),NA,NA,NA,NA,no,3.5.1
assertive,C:/Users/jenni/Documents/R/win-library/3.5,0.3-5,NA,R (>= 3.0.0),"assertive.base (>= 0.0-4), assertive.properties (>= 0.0-2),
assertive.types (>= 0.0-2), assertive.numbers,
assertive.strings, assertive.datetimes, assertive.files,
assertive.sets (>= 0.0-2), assertive.matrices,
assertive.models, assertive.data, assertive.data.uk,
assertive.data.us, assertive.reflection (>= 0.0-2),
assertive.code, knitr",NA,testthat,NA,GPL (>= 3),NA,NA,NA,NA,no,3.5.1
assertive.base,C:/Users/jenni/Documents/R/win-library/3.5,0.0-7,NA,R (>= 3.0.0),"methods, utils",NA,testthat,NA,GPL (>= 3),NA,NA,NA,NA,no,3.5.1
assertive.code,C:/Users/jenni/Documents/R/win-library/3.5,0.0-3,NA,R (>= 3.0.0),"assertive.base (>= 0.0-2), assertive.properties,
assertive.types, methods",NA,testthat,NA,GPL (>= 3),NA,NA,NA,NA,no,3.5.1
assertive.data,C:/Users/jenni/Documents/R/win-library/3.5,0.0-3,NA,R (>= 3.0.0),"assertive.base (>= 0.0-2), assertive.strings",NA,testthat,NA,GPL (>= 3),NA,NA,NA,NA,no,3.5.2
assertive.data.uk,C:/Users/jenni/Documents/R/win-library/3.5,0.0-2,NA,R (>= 3.0.0),"assertive.base (>= 0.0-2), assertive.strings",NA,testthat,NA,GPL (>= 3),NA,NA,NA,NA,no,3.5.1
assertive.data.us,C:/Users/jenni/Documents/R/win-library/3.5,0.0-2,NA,R (>= 3.0.0),"assertive.base (>= 0.0-2), assertive.strings",NA,"testthat, devtools",NA,GPL (>= 3),NA,NA,NA,NA,no,3.5.1
assertive.datetimes,C:/Users/jenni/Documents/R/win-library/3.5,0.0-2,NA,R (>= 3.0.0),"assertive.base (>= 0.0-2), assertive.types",NA,testthat,NA,GPL (>= 3),NA,NA,NA,NA,no,3.5.1
assertive.files,C:/Users/jenni/Documents/R/win-library/3.5,0.0-2,NA,R (>= 3.0.0),"assertive.base (>= 0.0-2), assertive.numbers",NA,testthat,NA,GPL (>= 3),NA,NA,NA,NA,no,3.5.1
assertive.matrices,C:/Users/jenni/Documents/R/win-library/3.5,0.0-2,NA,R (>= 3.0.0),assertive.base (>= 0.0-2),NA,testthat,NA,GPL (>= 3),NA,NA,NA,NA,no,3.5.2
assertive.models,C:/Users/jenni/Documents/R/win-library/3.5,0.0-2,NA,R (>= 3.0.0),"assertive.base (>= 0.0-2), stats",NA,testthat,NA,GPL (>= 3),NA,NA,NA,NA,no,3.5.1
assertive.numbers,C:/Users/jenni/Documents/R/win-library/3.5,0.0-2,NA,R (>= 3.0.0),assertive.base (>= 0.0-2),NA,testthat,NA,GPL (>= 3),NA,NA,NA,NA,no,3.5.1
assertive.properties,C:/Users/jenni/Documents/R/win-library/3.5,0.0-4,NA,R (>= 3.0.0),"assertive.base (>= 0.0-7), methods",NA,testthat,NA,GPL (>= 3),NA,NA,NA,NA,no,3.5.1
assertive.reflection,C:/Users/jenni/Documents/R/win-library/3.5,0.0-4,NA,R (>= 3.0.0),"assertive.base (>= 0.0-7), utils",NA,testthat,NA,GPL (>= 3),NA,NA,NA,NA,no,3.5.1
assertive.sets,C:/Users/jenni/Documents/R/win-library/3.5,0.0-3,NA,R (>= 3.0.0),assertive.base (>= 0.0-7),NA,testthat,NA,GPL (>= 3),NA,NA,NA,NA,no,3.5.1
assertive.strings,C:/Users/jenni/Documents/R/win-library/3.5,0.0-3,NA,R (>= 3.0.0),"assertive.base (>= 0.0-2), assertive.types, stringi",NA,testthat,NA,GPL (>= 3),NA,NA,NA,NA,no,3.5.1
assertive.types,C:/Users/jenni/Documents/R/win-library/3.5,0.0-3,NA,R (>= 3.0.0),"assertive.base (>= 0.0-7), assertive.properties, codetools,
methods, stats",NA,"testthat, data.table, dplyr, xml2",NA,GPL (>= 3),NA,NA,NA,NA,no,3.5.1
assertthat,C:/Users/jenni/Documents/R/win-library/3.5,0.2.0,NA,NA,tools,NA,testthat,NA,GPL-3,NA,NA,NA,NA,no,3.5.0
backports,C:/Users/jenni/Documents/R/win-library/3.5,1.1.3,NA,R (>= 3.0.0),utils,NA,NA,NA,GPL-2,NA,NA,NA,NA,yes,3.5.2
base64enc,C:/Users/jenni/Documents/R/win-library/3.5,0.1-3,NA,R (>= 2.9.0),NA,NA,NA,png,GPL-2 | GPL-3,NA,NA,NA,NA,yes,3.5.0
bayesplot,C:/Users/jenni/Documents/R/win-library/3.5,1.6.0,NA,R (>= 3.1.0),"dplyr (>= 0.7.1), ggplot2 (>= 2.2.1), reshape2, stats, utils,
rlang, ggridges",NA,"arm, gridExtra (>= 2.2.1), knitr (>= 1.16), loo (>= 2.0.0),
rmarkdown (>= 1.0.0), rstan (>= 2.17.1), rstanarm (>= 2.17.4),
rstantools (>= 1.5.0), scales, shinystan (>= 2.3.0), testthat
(>= 2.0.0), vdiffr",NA,GPL (>= 3),NA,NA,NA,NA,no,3.5.1
BDgraph,C:/Users/jenni/Documents/R/win-library/3.5,2.53,NA,NA,"Matrix, igraph",NA,NA,NA,GPL (>= 2),NA,NA,NA,NA,yes,3.5.2
beeswarm,C:/Users/jenni/Documents/R/win-library/3.5,0.2.3,NA,NA,"stats, graphics, grDevices, utils",NA,NA,NA,Artistic-2.0,NA,NA,NA,NA,no,3.5.0
BH,C:/Users/jenni/Documents/R/win-library/3.5,1.69.0-1,NA,NA,NA,NA,NA,NA,BSL-1.0,NA,NA,NA,NA,no,3.5.2
bindr,C:/Users/jenni/Documents/R/win-library/3.5,0.1.1,NA,NA,NA,NA,testthat,NA,MIT + file LICENSE,NA,NA,NA,NA,no,3.5.0
bindrcpp,C:/Users/jenni/Documents/R/win-library/3.5,0.2.2,NA,NA,"bindr (>= 0.1.1), Rcpp (>= 0.12.16)","plogr, Rcpp",testthat,NA,MIT + file LICENSE,NA,NA,NA,NA,yes,3.5.0
bitops,C:/Users/jenni/Documents/R/win-library/3.5,1.0-6,NA,NA,NA,NA,NA,NA,GPL (>= 2),NA,NA,NA,NA,yes,3.5.0
bookdown,C:/Users/jenni/Documents/R/win-library/3.5,0.9,NA,NA,"htmltools (>= 0.3.6), knitr (>= 1.16), rmarkdown (>= 1.9),
xfun (>= 0.2), tinytex, yaml (>= 2.1.14)",NA,"htmlwidgets, rstudioapi, miniUI, rsconnect (>= 0.4.3), servr
(>= 0.3), shiny, testit (>= 0.5), tufte, webshot",NA,GPL-3,NA,NA,NA,NA,no,3.5.2
brew,C:/Users/jenni/Documents/R/win-library/3.5,1.0-6,NA,NA,NA,NA,NA,NA,GPL-2,NA,NA,NA,NA,NA,3.5.0
broom,C:/Users/jenni/Documents/R/win-library/3.5,0.5.1,NA,R (>= 3.1),"backports, dplyr, generics (>= 0.0.2), methods, nlme, purrr,
reshape2, stringr, tibble, tidyr",NA,"AER, akima, AUC, bbmle, betareg, biglm, binGroup, boot, brms,
btergm, car, caret, coda, covr, e1071, emmeans, ergm, gam (>=
1.15), gamlss, gamlss.data, gamlss.dist, geepack, ggplot2,
glmnet, gmm, Hmisc, irlba, joineRML, Kendall, knitr, ks,
Lahman, lavaan, lfe, lme4, lmodel2, lmtest, lsmeans, maps,
maptools, MASS, Matrix, mclust, mgcv, muhaz, multcomp, network,
nnet, orcutt (>= 2.2), ordinal, plm, plyr, poLCA, psych,
quantreg, rgeos, rmarkdown, robust, rsample, rstan, rstanarm,
sp, speedglm, statnet.common, survey, survival, testthat,
tseries, xergm, zoo",NA,MIT + file LICENSE,NA,NA,NA,NA,no,3.5.2
callr,C:/Users/jenni/Documents/R/win-library/3.5,3.1.1,NA,NA,"processx (>= 3.2.1), R6, utils",NA,"cliapp, covr, crayon, pingr, ps, testthat, withr",NA,MIT + file LICENSE,NA,NA,NA,NA,no,3.5.2
carData,C:/Users/jenni/Documents/R/win-library/3.5,3.0-2,NA,R (>= 3.0),NA,NA,NA,NA,GPL (>= 2),NA,NA,NA,NA,no,3.5.1
caTools,C:/Users/jenni/Documents/R/win-library/3.5,1.17.1.1,NA,R (>= 2.2.0),bitops,NA,"MASS, rpart",NA,GPL-3,NA,NA,NA,NA,yes,3.5.1
cellranger,C:/Users/jenni/Documents/R/win-library/3.5,1.1.0,NA,R (>= 3.0.0),"rematch, tibble",NA,"covr, testthat (>= 1.0.0), knitr, rmarkdown",NA,MIT + file LICENSE,NA,NA,NA,NA,no,3.5.0
checkmate,C:/Users/jenni/Documents/R/win-library/3.5,1.9.0,NA,R (>= 3.0.0),"backports (>= 1.1.0), utils",NA,"R6, bit, fastmatch, data.table (>= 1.9.8), devtools, ggplot2,
knitr, magrittr, microbenchmark, rmarkdown, testthat (>=
0.11.0), tibble",NA,BSD_3_clause + file LICENSE,NA,NA,NA,NA,yes,3.5.2
cli,C:/Users/jenni/Documents/R/win-library/3.5,1.0.1,NA,R (>= 2.10),"assertthat, crayon (>= 1.3.4), methods, utils",NA,"covr, fansi, mockery, testthat, webshot, withr",NA,MIT + file LICENSE,NA,NA,NA,NA,no,3.5.1
clipr,C:/Users/jenni/Documents/R/win-library/3.5,0.5.0,NA,NA,utils,NA,"covr, rstudioapi (>= 0.5), testthat (>= 2.0.0)",NA,GPL-3,NA,NA,NA,NA,no,3.5.2
clisymbols,C:/Users/jenni/Documents/R/win-library/3.5,1.2.0,NA,NA,NA,NA,testthat,NA,MIT + file LICENSE,NA,NA,NA,NA,no,3.5.1
coda,C:/Users/jenni/Documents/R/win-library/3.5,0.19-2,NA,R (>= 2.14.0),lattice,NA,NA,NA,GPL (>= 2),NA,NA,NA,NA,no,3.5.1
codebook,C:/Users/jenni/Documents/R/win-library/3.5,0.7.6,NA,R (>= 3.0.1),"stats, methods, graphics, utils, rmarkdown, ggplot2 (>=
2.0.0), stringr, psych, likert, knitr, rlang, dplyr, tidyr,
pander, skimr (>= 1.0.2), DT, future, haven (>= 2.0.0), tibble,
purrr, htmltools, labeling, labelled, rio, shiny (>= 0.13),
miniUI (>= 0.1.1), rstudioapi (>= 0.5), glue",NA,"testthat, shinytest, lme4, roxygen2",NA,MIT + file LICENSE,NA,NA,NA,NA,no,3.5.2
coin,C:/Users/jenni/Documents/R/win-library/3.5,1.2-2,NA,"R (>= 2.14.0), methods, survival","stats, modeltools (>= 0.2-9), mvtnorm (>= 1.0-5), multcomp",NA,"parallel, xtable, e1071, vcd, TH.data (>= 1.0-7)",NA,GPL-2,NA,NA,NA,NA,yes,3.5.1
colorspace,C:/Users/jenni/Documents/R/win-library/3.5,1.4-0,NA,"R (>= 3.0.0), methods","graphics, grDevices, stats",NA,"datasets, utils, KernSmooth, MASS, kernlab, mvtnorm, vcd,
tcltk, shiny, shinyjs, ggplot2, dplyr, scales, grid, png, jpeg,
knitr, rmarkdown, RColorBrewer, rcartocolor, scico, viridis",NA,BSD_3_clause + file LICENSE,NA,NA,NA,NA,yes,3.5.2
colourpicker,C:/Users/jenni/Documents/R/win-library/3.5,1.0,NA,R (>= 3.1.0),"ggplot2, htmltools, htmlwidgets (>= 0.7), jsonlite, miniUI (>=
0.1.1), shiny (>= 0.11.1), shinyjs, utils",NA,"knitr (>= 1.7), rmarkdown, rstudioapi (>= 0.5)",NA,MIT + file LICENSE,NA,NA,NA,NA,no,3.5.1
commonmark,C:/Users/jenni/Documents/R/win-library/3.5,1.7,NA,NA,NA,NA,"curl, testthat, xml2",NA,BSD_2_clause + file LICENSE,NA,NA,NA,NA,yes,3.5.2
corpcor,C:/Users/jenni/Documents/R/win-library/3.5,1.6.9,NA,R (>= 3.0.2),stats,NA,,NA,GPL (>= 3),NA,NA,NA,NA,no,3.5.0
corrplot,C:/Users/jenni/Documents/R/win-library/3.5,0.84,NA,NA,NA,NA,"knitr, RColorBrewer, testthat",NA,GPL,NA,NA,NA,NA,no,3.5.1
crayon,C:/Users/jenni/Documents/R/win-library/3.5,1.3.4,NA,NA,"grDevices, methods, utils",NA,"mockery, rstudioapi, testthat, withr",NA,MIT + file LICENSE,NA,NA,NA,NA,no,3.5.0
crosstalk,C:/Users/jenni/Documents/R/win-library/3.5,1.0.0,NA,NA,"htmltools (>= 0.3.5), jsonlite, lazyeval, R6, shiny (>= 0.11),
ggplot2",NA,NA,NA,MIT + file LICENSE,NA,NA,NA,NA,no,3.5.1
curl,C:/Users/jenni/Documents/R/win-library/3.5,3.3,NA,R (>= 3.0.0),NA,NA,"spelling, testthat (>= 1.0.0), knitr, jsonlite, rmarkdown,
magrittr, httpuv (>= 1.4.4), webutils",NA,MIT + file LICENSE,NA,NA,NA,NA,yes,3.5.2
CVST,C:/Users/jenni/Documents/R/win-library/3.5,0.2-2,NA,"kernlab,Matrix",NA,NA,NA,NA,GPL (>= 2.0),NA,NA,NA,NA,no,3.5.1
d3Network,C:/Users/jenni/Documents/R/win-library/3.5,0.5.2.1,NA,R (>= 3.0.0),"plyr, rjson, whisker",NA,RCurl,NA,GPL (>= 3),NA,NA,NA,NA,no,3.5.1
data.table,C:/Users/jenni/Documents/R/win-library/3.5,1.12.0,NA,R (>= 3.1.0),methods,NA,"bit64, curl, R.utils, knitr, xts, nanotime, zoo",NA,MPL-2.0 | file LICENSE,NA,NA,NA,NA,yes,3.5.2
DataExplorer,C:/Users/jenni/Documents/R/win-library/3.5,0.7.0,NA,R (>= 3.4),"data.table (>= 1.11), reshape2 (>= 1.4), scales (>= 1.0),
ggplot2 (>= 2.2), gridExtra (>= 2.3), rmarkdown (>= 1.10),
networkD3 (>= 0.4), stats, utils, tools, parallel",NA,"testthat, covr, knitr, jsonlite, nycflights13",NA,MIT + file LICENSE,NA,NA,NA,NA,no,3.5.1
dataMeta,C:/Users/jenni/Documents/R/win-library/3.5,0.1.1,NA,R (>= 3.3.2),dplyr,NA,"knitr, rmarkdown",NA,GPL-3,NA,NA,NA,NA,no,3.5.1
DBI,C:/Users/jenni/Documents/R/win-library/3.5,1.0.0,NA,"R (>= 3.0.0), methods",NA,NA,"blob, covr, hms, knitr, magrittr, rprojroot, rmarkdown,
RSQLite (>= 1.1-2), testthat, xml2",NA,LGPL (>= 2),NA,NA,NA,NA,no,3.5.0
dbplyr,C:/Users/jenni/Documents/R/win-library/3.5,1.3.0,NA,R (>= 3.1),"assertthat (>= 0.2.0), DBI (>= 1.0.0), dplyr (>= 0.7.5), glue
(>= 1.2.0), methods, purrr (>= 0.2.5), R6 (>= 2.2.2), rlang (>=
0.2.0), tibble (>= 1.4.2), tidyselect (>= 0.2.4), utils",NA,"bit64, covr, knitr, Lahman, nycflights13, RMariaDB (>=
1.0.2), rmarkdown, RMySQL (>= 0.10.11), RPostgreSQL (>= 0.4.1),
RSQLite (>= 2.1.0), testthat (>= 2.0.0), withr (>= 2.1.2)",NA,MIT + file LICENSE,NA,NA,NA,NA,no,3.5.2
ddalpha,C:/Users/jenni/Documents/R/win-library/3.5,1.3.8,NA,"R (>= 2.10), stats, utils, graphics, grDevices, MASS, class,
robustbase, sfsmisc, geometry",Rcpp (>= 0.11.0),"BH, Rcpp",NA,NA,GPL-2,NA,NA,NA,NA,yes,3.5.2
DemoPackage,C:/Users/jenni/Documents/R/win-library/3.5,0.1.0,NA,NA,dplyr,NA,NA,NA,What license is it under?,NA,NA,NA,NA,NA,3.5.1
DEoptimR,C:/Users/jenni/Documents/R/win-library/3.5,1.0-8,NA,NA,stats,NA,NA,robustbase,GPL (>= 2),NA,NA,NA,NA,no,3.5.0
desc,C:/Users/jenni/Documents/R/win-library/3.5,1.2.0,NA,R (>= 3.1.0),"assertthat, utils, R6, crayon, rprojroot",NA,"covr, testthat, whoami, withr",NA,MIT + file LICENSE,NA,NA,NA,NA,no,3.5.1
DescTools,C:/Users/jenni/Documents/R/win-library/3.5,0.99.26,NA,"base, stats, R (>= 3.3.0)","graphics, grDevices, methods, MASS, utils, boot, manipulate,
mvtnorm, foreign, expm, Rcpp (>= 0.12.10)","Rcpp, BH","RDCOMClient, tcltk",NA,GPL (>= 2),NA,NA,NA,NA,yes,3.5.1
devEMF,C:/Users/jenni/Documents/R/win-library/3.5,3.6-2,NA,R (>= 2.10.1),NA,NA,NA,NA,GPL-3,NA,NA,NA,NA,yes,3.5.1
devtools,C:/Users/jenni/Documents/R/win-library/3.5,2.0.1,NA,R (>= 3.0.2),"callr, cli, digest, git2r (>= 0.23.0), httr (>= 0.4),
jsonlite, memoise (>= 1.0.0), pkgbuild (>= 1.0.2), pkgload (>=
1.0.1), rcmdcheck (>= 1.3.0), remotes (>= 2.0.0), rstudioapi
(>= 0.6.0.9000), sessioninfo, stats, tools, usethis (>= 1.4.0),
utils, withr",NA,"BiocInstaller, BiocManager, bitops, covr (>= 3.2.0), crayon,
curl (>= 0.9), evaluate, foghorn (>= 1.0.1), gmailr (> 0.7.0),
knitr, lintr (>= 0.2.1), mockery, pingr, MASS, pkgdown, Rcpp
(>= 0.10.0), rhub, rmarkdown, roxygen2 (>= 6.1.0), rversions,
spelling (>= 1.1), testthat (>= 1.0.2), whisker",NA,GPL (>= 2),NA,NA,NA,NA,no,3.5.1
dials,C:/Users/jenni/Documents/R/win-library/3.5,0.0.2,NA,scales,"glue, purrr, rlang, tibble, dplyr, utils, withr",NA,"testthat, knitr, rpart, covr, kernlab",NA,GPL-2,NA,NA,NA,NA,no,3.5.2
dichromat,C:/Users/jenni/Documents/R/win-library/3.5,2.0-0,NA,"R (>= 2.10), stats",NA,NA,NA,NA,GPL-2,NA,NA,NA,NA,NA,3.5.0
digest,C:/Users/jenni/Documents/R/win-library/3.5,0.6.18,NA,R (>= 3.1.0),NA,NA,"knitr, rmarkdown",NA,GPL (>= 2),NA,NA,NA,NA,yes,3.5.1
dimRed,C:/Users/jenni/Documents/R/win-library/3.5,0.2.2,NA,"R (>= 3.0.0), DRR","magrittr, methods",NA,"NMF, MASS, Matrix, RANN, RSpectra, Rtsne, cccd, coRanking,
diffusionMap, energy, fastICA, ggplot2, graphics, igraph,
keras, kernlab, knitr, lle, loe, optimx, pcaL1, pcaPP,
reticulate, rgl, scales, scatterplot3d, stats, tensorflow,
testthat, tidyr, tinytex, umap, vegan",NA,GPL-3 | file LICENSE,NA,NA,NA,NA,yes,3.5.1
dplyr,C:/Users/jenni/Documents/R/win-library/3.5,0.7.8,NA,R (>= 3.1.2),"assertthat (>= 0.2.0), bindrcpp (>= 0.2.0.9000), glue (>=
1.1.1), magrittr (>= 1.5), methods, pkgconfig (>= 2.0.1), R6
(>= 2.2.2), Rcpp (>= 0.12.19), rlang (>= 0.3.0), tibble (>=
1.4.2), tidyselect (>= 0.2.3), utils","BH (>= 1.58.0-1), bindrcpp (>= 0.2.0.9000), plogr (>=
0.1.10), Rcpp (>= 0.12.15)","bit64 (>= 0.9.7), callr, covr (>= 3.0.1), DBI (>= 0.7.14),
dbplyr (>= 1.2.0), dtplyr (>= 0.0.2), ggplot2 (>= 2.2.1), hms
(>= 0.4.1), knitr (>= 1.19), Lahman (>= 3.0-1), lubridate,
MASS, mgcv (>= 1.8.23), microbenchmark (>= 1.4.4), nycflights13
(>= 0.2.2), rmarkdown (>= 1.8), RMySQL (>= 0.10.13),
RPostgreSQL (>= 0.6.2), RSQLite (>= 2.0), testthat (>= 2.0.0),
withr (>= 2.1.1)",NA,MIT + file LICENSE,NA,NA,NA,NA,yes,3.5.1
DRR,C:/Users/jenni/Documents/R/win-library/3.5,0.0.3,NA,"kernlab, CVST, Matrix","stats, methods",NA,"knitr, rmarkdown",NA,GPL-3 | file LICENSE,NA,NA,NA,NA,no,3.5.1
DT,C:/Users/jenni/Documents/R/win-library/3.5,0.5,NA,NA,"htmltools (>= 0.3.6), htmlwidgets (>= 1.3), magrittr,
crosstalk, promises",NA,"jsonlite (>= 0.9.16), knitr (>= 1.8), rmarkdown, shiny (>=
0.12.1)",NA,GPL-3 | file LICENSE,NA,NA,NA,NA,no,3.5.1
dygraphs,C:/Users/jenni/Documents/R/win-library/3.5,1.1.1.6,NA,R (>= 3.0),"magrittr, htmlwidgets (>= 0.6), htmltools (>= 0.3.5), zoo (>=
1.7-10), xts (>= 0.9-7)",NA,testthat,"rmarkdown (>= 0.3.3), shiny (>= 0.10.2.1)",MIT + file LICENSE,NA,NA,NA,NA,no,3.5.1
educationdata,C:/Users/jenni/Documents/R/win-library/3.5,0.0.1,NA,R (>= 3.4.0),"glue,
httr,
jsonlite,
readr",NA,"knitr,
rmarkdown,
testthat",NA,MIT + file LICENSE,NA,NA,NA,NA,NA,3.5.1
effects,C:/Users/jenni/Documents/R/win-library/3.5,4.1-0,NA,"R (>= 3.5.0), carData","lme4, nnet, lattice, grid, colorspace, graphics, grDevices,
stats, survey, utils, estimability",NA,"pbkrtest (>= 0.4-4), nlme, MASS, poLCA, heplots, splines,
ordinal, car, knitr, betareg, alr4",NA,GPL (>= 2),NA,NA,NA,NA,no,3.5.2
ellipse,C:/Users/jenni/Documents/R/win-library/3.5,0.4.1,NA,"R (>= 2.0.0),graphics,stats",NA,NA,MASS,NA,GPL (>= 2),NA,NA,NA,NA,no,3.5.1
emmeans,C:/Users/jenni/Documents/R/win-library/3.5,1.3.1,NA,R (>= 3.2),"estimability (>= 1.3), graphics, methods, stats, utils, plyr,
mvtnorm, xtable (>= 1.8-2)",NA,"bayesplot, biglm, brms, car, coda (>= 0.17), ggplot2,
lattice, mediation, multcomp, multcompView, nlme, ordinal,
pbkrtest (>= 0.4-1), lme4, lmerTest (>= 2.0.32), MASS, rsm,
knitr, rmarkdown, testthat","CARBayes, coxme, gee, geepack, glmmADMB, MCMCglmm, MCMCpack,
nnet, pscl, rstanarm, survival",GPL-2 | GPL-3,NA,NA,NA,NA,no,3.5.2
estimability,C:/Users/jenni/Documents/R/win-library/3.5,1.3,NA,stats,NA,NA,NA,NA,GPL (>= 3),NA,NA,NA,NA,no,3.5.0
evaluate,C:/Users/jenni/Documents/R/win-library/3.5,0.12,NA,R (>= 3.0.2),methods,NA,"testthat, lattice, ggplot2",NA,MIT + file LICENSE,NA,NA,NA,NA,no,3.5.1
expm,C:/Users/jenni/Documents/R/win-library/3.5,0.999-3,NA,Matrix,methods,NA,"RColorBrewer, sfsmisc, Rmpfr",NA,GPL (>= 2),NA,NA,NA,NA,yes,3.5.1
falsy,C:/Users/jenni/Documents/R/win-library/3.5,1.0.1,NA,NA,NA,NA,testthat (>= 1.0.1),NA,MIT + file LICENSE,NA,NA,NA,NA,NA,3.5.1
fansi,C:/Users/jenni/Documents/R/win-library/3.5,0.4.0,NA,R (>= 3.1.0),NA,NA,"unitizer, knitr, rmarkdown",NA,GPL (>= 2),NA,NA,NA,NA,yes,3.5.1
fdrtool,C:/Users/jenni/Documents/R/win-library/3.5,1.2.15,NA,R (>= 3.0.2),"graphics, grDevices, stats",NA,,NA,GPL (>= 3),NA,NA,NA,NA,yes,3.5.0
flexdashboard,C:/Users/jenni/Documents/R/win-library/3.5,0.5.1.1,NA,R (>= 3.0.2),"tools, jsonlite, htmltools, knitr (>= 1.13), htmlwidgets (>=
0.6), rmarkdown (>= 1.0), shiny (>= 0.13)",NA,testthat,NA,MIT + file LICENSE,NA,NA,NA,NA,no,3.5.2
flextable,C:/Users/jenni/Documents/R/win-library/3.5,0.4.6,NA,NA,"stats,utils,grDevices, officer (>= 0.2.0), rmarkdown,
knitr,htmltools, R6,stringr,xml2, gdtools (>= 0.1.6)",NA,"testthat, xtable",NA,GPL-3,NA,NA,NA,NA,no,3.5.1
forcats,C:/Users/jenni/Documents/R/win-library/3.5,0.3.0,NA,R (>= 3.1),"magrittr, rlang, tibble",NA,"covr, ggplot2, testthat",NA,GPL-3,NA,NA,NA,NA,no,3.5.0
formattable,C:/Users/jenni/Documents/R/win-library/3.5,0.2.0.1,NA,R (> 3.0.2),"methods, htmltools, htmlwidgets, knitr, rmarkdown",NA,"testthat, DT, shiny, covr",NA,MIT + file LICENSE,NA,NA,NA,NA,no,3.5.1
Formula,C:/Users/jenni/Documents/R/win-library/3.5,1.2-3,NA,"R (>= 2.0.0), stats",NA,NA,NA,NA,GPL-2 | GPL-3,NA,NA,NA,NA,no,3.5.0
fs,C:/Users/jenni/Documents/R/win-library/3.5,1.2.6,NA,R (>= 3.1),"methods, Rcpp",Rcpp,"testthat, covr, pillar (>= 1.0.0), crayon, withr",NA,GPL-3,NA,NA,NA,NA,yes,3.5.1
future,C:/Users/jenni/Documents/R/win-library/3.5,1.10.0,NA,NA,"digest, globals (>= 0.12.1), listenv (>= 0.7.0), parallel,
utils",NA,"R.rsp, markdown",NA,LGPL (>= 2.1),NA,NA,NA,NA,no,3.5.1
gdata,C:/Users/jenni/Documents/R/win-library/3.5,2.18.0,NA,R (>= 2.3.0),"gtools, stats, methods, utils",NA,RUnit,NA,GPL-2,NA,NA,NA,NA,no,3.5.0
gdtools,C:/Users/jenni/Documents/R/win-library/3.5,0.1.7,NA,NA,"Rcpp (>= 0.12.12), withr",Rcpp,"htmltools, testthat, fontquiver (>= 0.2.0), curl",NA,GPL-3 | file LICENSE,NA,NA,NA,NA,yes,3.5.1
generics,C:/Users/jenni/Documents/R/win-library/3.5,0.0.2,NA,R (>= 3.1),methods,NA,"covr, pkgload, testthat, tibble",NA,GPL-2,NA,NA,NA,NA,no,3.5.2
geometry,C:/Users/jenni/Documents/R/win-library/3.5,0.3-6,NA,"R (>= 2.5.0), magic",NA,NA,"testthat, rgl, R.matlab, tripack",NA,GPL (>= 3) + file LICENSE,NA,NA,NA,NA,yes,3.5.1
ggalluvial,C:/Users/jenni/Documents/R/win-library/3.5,0.9.1,NA,"R (>= 3.3.0), ggplot2 (>= 2.2.0)","stats, dplyr (>= 0.7.0), tidyr (>= 0.7.0), lazyeval, rlang,
tidyselect",NA,"grid, alluvial, testthat, knitr, babynames, sessioninfo,
ggrepel, ggfittext (>= 0.6.0)",NA,GPL-3,NA,NA,NA,NA,no,3.5.1
ggdendro,C:/Users/jenni/Documents/R/win-library/3.5,0.1-20,NA,NA,"MASS, ggplot2(>= 0.9.2)",NA,"rpart(>= 4.0-0), tree, testthat, knitr, cluster, scales",NA,GPL-2 | GPL-3,NA,NA,NA,NA,no,3.5.0
ggeffects,C:/Users/jenni/Documents/R/win-library/3.5,0.8.0,NA,"R (>= 3.2), graphics, stats, utils","crayon, dplyr, ggplot2, lme4, magrittr, MASS, prediction,
purrr, rlang, scales, sjlabelled (>= 1.0.14), sjmisc (>=
2.7.6), sjstats (>= 0.17.3), tidyr",NA,"brms, effects (>= 4.0-0), emmeans, glmmTMB, knitr, nlme,
pscl, rmarkdown, rstanarm, rstantools, sandwich, survey,
survival, testthat",NA,GPL-3,NA,NA,NA,NA,no,3.5.2
ggformula,C:/Users/jenni/Documents/R/win-library/3.5,0.9.1,NA,"R (>= 3.1), ggplot2 (>= 3.0), ggstance (>= 0.3.1)","mosaicCore, rlang, magrittr, tibble, stringr, tidyr, grid",NA,"mosaicData, dplyr, lattice, mosaic, mosaicModel, testthat,
vdiffr, knitr, rmarkdown, lubridate, survival, broom, scales,
maps, maptools, rgeos, sf, purrr, ggthemes",NA,MIT + file LICENSE,NA,NA,NA,NA,no,3.5.2
ggm,C:/Users/jenni/Documents/R/win-library/3.5,2.3,NA,igraph,NA,NA,NA,NA,GPL (>= 2),NA,NA,NA,NA,no,3.5.1
ggplot2,C:/Users/jenni/Documents/R/win-library/3.5,3.1.0,NA,R (>= 3.1),"digest, grid, gtable (>= 0.1.1), lazyeval, MASS, mgcv, plyr
(>= 1.7.1), reshape2, rlang (>= 0.2.1), scales (>= 0.5.0),
stats, tibble, viridisLite, withr (>= 2.0.0)",NA,"covr, dplyr, ggplot2movies, hexbin, Hmisc, lattice, mapproj,
maps, maptools, multcomp, munsell, nlme, testthat (>= 0.11.0),
vdiffr, quantreg, knitr, rgeos, rpart, rmarkdown, sf (>=
0.3-4), svglite (>= 1.2.0.9001)",sp,GPL-2 | file LICENSE,NA,NA,NA,NA,no,3.5.1
ggrepel,C:/Users/jenni/Documents/R/win-library/3.5,0.8.0,NA,"R (>= 3.0.0), ggplot2 (>= 2.2.0)","grid, Rcpp, scales (>= 0.3.0)",Rcpp,"knitr, rmarkdown, testthat, gridExtra, devtools, prettydoc",NA,GPL-3 | file LICENSE,NA,NA,NA,NA,yes,3.5.1
ggridges,C:/Users/jenni/Documents/R/win-library/3.5,0.5.1,NA,R (>= 3.2),"ggplot2 (>= 2.2.0), grid (>= 3.0.0), plyr (>= 1.8.0), scales
(>= 0.4.1), withr (>= 2.1.1)",NA,"covr, dplyr, gridExtra, ggplot2movies, DAAG, forcats, knitr,
rmarkdown, testthat, vdiffr, viridis",NA,GPL-2 | file LICENSE,NA,NA,NA,NA,no,3.5.1
ggstance,C:/Users/jenni/Documents/R/win-library/3.5,0.3.1,NA,R (>= 3.1.0),"ggplot2 (>= 3.0.0), plyr, rlang, withr (>= 2.0.0)",NA,"Hmisc, testthat, vdiffr",NA,GPL-3,NA,NA,NA,NA,no,3.5.1
gh,C:/Users/jenni/Documents/R/win-library/3.5,1.0.1,NA,NA,"ini, jsonlite, httr",NA,"covr, pingr, testthat",NA,MIT + file LICENSE,NA,NA,NA,NA,no,3.5.1
git2r,C:/Users/jenni/Documents/R/win-library/3.5,0.24.0,NA,R (>= 3.1),"graphics, utils",NA,getPass,NA,GPL-2,NA,NA,NA,NA,yes,3.5.2
glasso,C:/Users/jenni/Documents/R/win-library/3.5,1.10,NA,NA,NA,NA,NA,NA,GPL-2,NA,NA,NA,NA,yes,3.5.1
glmmTMB,C:/Users/jenni/Documents/R/win-library/3.5,0.2.3,NA,R (>= 3.2.0),"methods, TMB (>= 1.7.13), lme4 (>= 1.1-18.9000), Matrix, nlme","TMB, RcppEigen","knitr, rmarkdown, testthat, MASS, lattice, ggplot2 (>=
2.2.1), mlmRev, bbmle (>= 1.0.19), pscl, coda, reshape2, car,
emmeans, estimability, DHARMa, multcomp, MuMIn, effects,
dotwhisker, broom, plyr, png, boot",NA,AGPL-3,NA,NA,NA,NA,yes,3.5.2
globals,C:/Users/jenni/Documents/R/win-library/3.5,0.12.4,NA,R (>= 3.1.2),codetools,NA,NA,NA,LGPL (>= 2.1),NA,NA,NA,NA,no,3.5.1
glue,C:/Users/jenni/Documents/R/win-library/3.5,1.3.0,NA,R (>= 3.1),methods,NA,"testthat, covr, magrittr, crayon, knitr, rmarkdown, DBI,
RSQLite, R.utils, forcats, microbenchmark, rprintf, stringr,
ggplot2, dplyr, withr",NA,MIT + file LICENSE,NA,NA,NA,NA,yes,3.5.1
gmodels,C:/Users/jenni/Documents/R/win-library/3.5,2.18.1,NA,R (>= 1.9.0),"MASS, gdata",NA,"gplots, gtools, Matrix, nlme, lme4 (>= 0.999999-0)",NA,GPL-2,NA,NA,NA,NA,no,3.5.1
googleVis,C:/Users/jenni/Documents/R/win-library/3.5,0.6.3,NA,R (>= 3.0.2),"methods, jsonlite, utils",NA,"shiny (>= 0.4.0), httpuv (>= 1.2.0), knitr (>= 1.5), wbstats,
data.table",NA,GPL (>= 2),NA,NA,NA,NA,no,3.5.1
gower,C:/Users/jenni/Documents/R/win-library/3.5,0.1.2,NA,NA,NA,NA,"testthat, knitr, rmarkdown",NA,GPL-3,NA,NA,NA,NA,yes,3.5.1
gplots,C:/Users/jenni/Documents/R/win-library/3.5,3.0.1,NA,R (>= 3.0),"gtools, gdata, stats, caTools, KernSmooth",NA,"grid, MASS",NA,GPL-2,NA,NA,NA,NA,no,3.5.1
gridExtra,C:/Users/jenni/Documents/R/win-library/3.5,2.3,NA,NA,"gtable, grid, grDevices, graphics, utils",NA,"ggplot2, egg, lattice, knitr, testthat",NA,GPL (>= 2),NA,NA,NA,NA,no,3.5.0
gtable,C:/Users/jenni/Documents/R/win-library/3.5,0.2.0,NA,R (>= 2.14),grid,NA,"testthat, covr",NA,GPL-2,NA,NA,NA,NA,no,3.5.0
gtools,C:/Users/jenni/Documents/R/win-library/3.5,3.8.1,NA,"methods, stats, utils",NA,NA,NA,NA,GPL-2,NA,NA,NA,NA,yes,3.5.0
hashmap,C:/Users/jenni/Documents/R/win-library/3.5,0.2.2,NA,methods,Rcpp (>= 0.12.4),"Rcpp, BH","devtools, microbenchmark, testthat",NA,MIT + file LICENSE,NA,NA,NA,NA,yes,3.5.0
haven,C:/Users/jenni/Documents/R/win-library/3.5,2.0.0,NA,R (>= 3.1),"forcats (>= 0.2.0), hms, Rcpp (>= 0.11.4), readr (>= 0.1.0),
tibble",Rcpp,"covr, fs, knitr, rmarkdown, testthat",NA,MIT + file LICENSE,NA,NA,NA,NA,yes,3.5.1
here,C:/Users/jenni/Documents/R/win-library/3.5,0.1,NA,NA,rprojroot (>= 1.2),NA,NA,NA,GPL-3,NA,NA,NA,NA,no,3.5.0
highr,C:/Users/jenni/Documents/R/win-library/3.5,0.7,NA,R (>= 3.0.2),NA,NA,"knitr, testit",NA,GPL,NA,NA,NA,NA,no,3.5.0
Hmisc,C:/Users/jenni/Documents/R/win-library/3.5,4.1-1,NA,"lattice, survival (>= 2.40-1), Formula, ggplot2 (>= 2.2)","methods, latticeExtra, cluster, rpart, nnet, acepack, foreign,
gtable, grid, gridExtra, data.table, htmlTable (>= 1.11.0),
viridis, htmltools, base64enc",NA,"chron, rms, mice, tables, knitr, ff, ffbase, plotly (>=
4.5.6)",NA,GPL (>= 2),NA,NA,NA,NA,yes,3.5.1
hms,C:/Users/jenni/Documents/R/win-library/3.5,0.4.2,NA,NA,"methods, pkgconfig, rlang",NA,"crayon, lubridate, pillar (>= 1.1.0), testthat",NA,GPL-3,NA,NA,NA,NA,no,3.5.0
htmldeps,C:/Users/jenni/Documents/R/win-library/3.5,0.1.1,NA,NA,htmltools (>= 0.3.6),NA,NA,NA,MIT + file LICENSE,NA,NA,NA,NA,NA,3.5.1
htmlTable,C:/Users/jenni/Documents/R/win-library/3.5,1.13.1,NA,NA,"stringr, knitr (>= 1.6), magrittr (>= 1.5), methods,
checkmate, htmlwidgets, htmltools, rstudioapi (>= 0.6)",NA,"testthat, XML, xtable, ztable, Hmisc, reshape, rmarkdown,
pander, chron, lubridate, tibble, tidyr (>= 0.7.2), dplyr (>=
0.7.4)",NA,GPL (>= 3),NA,NA,NA,NA,no,3.5.2
htmltools,C:/Users/jenni/Documents/R/win-library/3.5,0.3.6,NA,R (>= 2.14.1),"utils, digest, Rcpp",Rcpp,"markdown, testthat",knitr,GPL (>= 2),NA,NA,NA,NA,yes,3.5.0
htmlwidgets,C:/Users/jenni/Documents/R/win-library/3.5,1.3,NA,NA,"grDevices, htmltools (>= 0.3), jsonlite (>= 0.9.16), yaml",NA,knitr (>= 1.8),shiny (>= 1.1),MIT + file LICENSE,NA,NA,NA,NA,no,3.5.1
httpuv,C:/Users/jenni/Documents/R/win-library/3.5,1.4.5.1,NA,"R (>= 2.15.1), methods","Rcpp (>= 0.11.0), utils, promises, later (>= 0.7.3)","Rcpp, BH, later","testthat, callr",NA,GPL (>= 2) | file LICENSE,NA,NA,NA,NA,yes,3.5.2
httr,C:/Users/jenni/Documents/R/win-library/3.5,1.4.0,NA,R (>= 3.1),"curl (>= 0.9.1), jsonlite, mime, openssl (>= 0.8), R6",NA,"covr, httpuv, jpeg, knitr, png, readr, rmarkdown, testthat
(>= 0.8.0), xml2",NA,MIT + file LICENSE,NA,NA,NA,NA,no,3.5.2
huge,C:/Users/jenni/Documents/R/win-library/3.5,1.2.7,NA,"R (>= 3.0.0), Matrix, lattice, igraph, MASS","grDevices, graphics, methods, stats, utils",NA,NA,NA,GPL-2,NA,NA,NA,NA,yes,3.5.1
hunspell,C:/Users/jenni/Documents/R/win-library/3.5,3.0,NA,R (>= 3.0.2),"Rcpp, digest",Rcpp (>= 0.12.12),"spelling, testthat, pdftools, janeaustenr, wordcloud2, knitr,
stopwords, rmarkdown",NA,GPL-2 | LGPL-2.1 | MPL-1.1,NA,NA,NA,NA,yes,3.5.2
igraph,C:/Users/jenni/Documents/R/win-library/3.5,1.2.2,NA,methods,"graphics, grDevices, magrittr, Matrix, pkgconfig (>= 2.0.0),
stats, utils",NA,"ape, digest, graph, igraphdata, rgl, scales, stats4, tcltk,
testthat",NA,GPL (>= 2),NA,NA,NA,NA,yes,3.5.1
infer,C:/Users/jenni/Documents/R/win-library/3.5,0.4.0,NA,R (>= 3.1.2),"dplyr (>= 0.7.0), methods, tibble, rlang (>= 0.2.0), ggplot2,
magrittr, glue (>= 1.3.0), grDevices",NA,"broom, devtools (>= 1.12.0), knitr, rmarkdown, nycflights13,
stringr, testthat, covr",NA,CC0,NA,NA,NA,NA,no,3.5.2
ini,C:/Users/jenni/Documents/R/win-library/3.5,0.3.1,NA,NA,NA,NA,testthat,NA,GPL-3,NA,NA,NA,NA,no,3.5.1
inline,C:/Users/jenni/Documents/R/win-library/3.5,0.3.15,NA,R (>= 2.4.0),methods,NA,Rcpp (>= 0.11.0),NA,LGPL,NA,NA,NA,NA,no,3.5.1
installr,C:/Users/jenni/Documents/R/win-library/3.5,0.21.0,NA,"R (>= 2.14.0), stringr, utils",NA,NA,"curl, XML, htmltab, devtools, rjson, data.table, plyr,
ggplot2, sp, tools",NA,GPL-2,NA,NA,windows,NA,no,3.5.1
ipred,C:/Users/jenni/Documents/R/win-library/3.5,0.9-8,NA,R (>= 2.10),"rpart (>= 3.1-8), MASS, survival, nnet, class, prodlim",NA,"mvtnorm, mlbench, TH.data",NA,GPL (>= 2),NA,NA,NA,NA,yes,3.5.1
irreSO,C:/Users/jenni/Documents/R/win-library/3.5,0.0.0.9000,NA,R (>= 3.5.1),NA,NA,NA,NA,What license is it under?,NA,NA,NA,NA,no,3.5.2
ISOcodes,C:/Users/jenni/Documents/R/win-library/3.5,2018.06.29,NA,R (>= 2.10.0),NA,NA,NA,NA,GPL-2,NA,NA,NA,NA,no,3.5.1
janeaustenr,C:/Users/jenni/Documents/R/win-library/3.5,0.1.5,NA,R (>= 3.1.2),NA,NA,"dplyr, testthat",NA,MIT + file LICENSE,NA,NA,NA,NA,no,3.5.1
janitor,C:/Users/jenni/Documents/R/win-library/3.5,1.1.1,NA,R (>= 3.1.2),"dplyr (>= 0.7.0), tidyr (>= 0.7.0), snakecase (>= 0.9.0),
magrittr, purrr, rlang",NA,"testthat, knitr, rmarkdown",NA,MIT + file LICENSE,NA,NA,NA,NA,no,3.5.1
jpeg,C:/Users/jenni/Documents/R/win-library/3.5,0.1-8,NA,R (>= 2.9.0),NA,NA,NA,NA,GPL-2 | GPL-3,NA,NA,NA,NA,yes,3.5.0
jsonlite,C:/Users/jenni/Documents/R/win-library/3.5,1.6,NA,methods,NA,NA,"httr, curl, plyr, testthat, knitr, rmarkdown, R.rsp, sp",NA,MIT + file LICENSE,NA,NA,NA,NA,yes,3.5.2
kableExtra,C:/Users/jenni/Documents/R/win-library/3.5,0.9.0,NA,R (>= 3.1.0),"knitr (>= 1.16), magrittr, stringr (>= 1.0), xml2 (>= 1.1.1),
rvest, rmarkdown (>= 1.6.0), readr, scales, viridisLite, stats,
grDevices, htmltools, rstudioapi",NA,"testthat, magick, formattable, dplyr",NA,MIT + file LICENSE,NA,NA,NA,NA,no,3.5.1
kernlab,C:/Users/jenni/Documents/R/win-library/3.5,0.9-27,NA,R (>= 2.10),"methods, stats, grDevices, graphics",NA,NA,NA,GPL-2,NA,NA,NA,NA,yes,3.5.1
keypress,C:/Users/jenni/Documents/R/win-library/3.5,1.1.1,NA,NA,NA,NA,NA,NA,MIT + file LICENSE,NA,NA,NA,NA,yes,3.5.0
knitr,C:/Users/jenni/Documents/R/win-library/3.5,1.21,NA,R (>= 3.1.0),"evaluate (>= 0.10), highr, markdown, stringr (>= 0.6), yaml
(>= 2.1.19), methods, xfun, tools",NA,"formatR, testit, digest, rgl (>= 0.95.1201), codetools,
rmarkdown, htmlwidgets (>= 0.7), webshot, tikzDevice (>= 0.10),
tinytex, reticulate (>= 1.4), JuliaCall (>= 0.11.1), png, jpeg,
gifski, xml2 (>= 1.2.0), httr, DBI (>= 0.4-1), showtext,
tibble, styler",NA,GPL,NA,NA,NA,NA,no,3.5.2
labeling,C:/Users/jenni/Documents/R/win-library/3.5,0.3,NA,NA,NA,NA,NA,NA,MIT + file LICENSE | Unlimited,NA,NA,NA,NA,no,3.5.0
labelled,C:/Users/jenni/Documents/R/win-library/3.5,2.0.1,NA,NA,"haven (>= 2.0.0), dplyr, stats",NA,"testthat, knitr, rmarkdown, questionr",memisc,GPL-3,NA,NA,NA,NA,no,3.5.1
later,C:/Users/jenni/Documents/R/win-library/3.5,0.7.5,NA,NA,"Rcpp (>= 0.12.9), rlang","Rcpp, BH","knitr, rmarkdown, testthat",NA,GPL (>= 2),NA,NA,NA,NA,yes,3.5.1
latticeExtra,C:/Users/jenni/Documents/R/win-library/3.5,0.6-28,NA,"R (>= 2.10.0), lattice, RColorBrewer","grid, stats, utils, grDevices",NA,"maps, mapproj, deldir, tripack, zoo, MASS, quantreg, mgcv",NA,GPL (>= 2),NA,NA,NA,NA,no,3.5.0
lava,C:/Users/jenni/Documents/R/win-library/3.5,1.6.4,NA,R (>= 3.0),"grDevices, graphics, methods, numDeriv, stats, survival,
SQUAREM, utils",NA,"KernSmooth, Matrix, Rgraphviz, ascii, data.table, ellipse,
fields, foreach, geepack, gof (>= 0.9), graph, igraph (>= 0.6),
lava.tobit (>= 0.4.7), lme4, mets (>= 1.1), nlme, optimx,
polycor, quantreg, rgl, testthat (>= 0.11), visNetwork, zoo",NA,GPL-3,NA,NA,NA,NA,no,3.5.2
lavaan,C:/Users/jenni/Documents/R/win-library/3.5,0.6-3,NA,R(>= 3.4),"methods, stats4, stats, utils, graphics, MASS, mnormt,
pbivnorm, numDeriv",NA,testthat,NA,GPL (>= 2),NA,NA,NA,NA,no,3.5.1
lazyeval,C:/Users/jenni/Documents/R/win-library/3.5,0.2.1,NA,R (>= 3.1.0),NA,NA,"knitr, rmarkdown (>= 0.2.65), testthat, covr",NA,GPL-3,NA,NA,NA,NA,yes,3.5.0
leaflet,C:/Users/jenni/Documents/R/win-library/3.5,2.0.2,NA,R (>= 3.1.0),"base64enc, crosstalk, htmlwidgets, htmltools, magrittr,
markdown, methods, png, RColorBrewer, raster, scales (>=
1.0.0), sp, stats, viridis (>= 0.5.1)",NA,"knitr, maps, sf, shiny, testit (>= 0.4), rgdal, rgeos, R6,
RJSONIO, purrr, testthat",NA,GPL-3,NA,NA,NA,NA,no,3.5.2
likert,C:/Users/jenni/Documents/R/win-library/3.5,1.3.5,NA,"R (>= 3.0),ggplot2,xtable","psych,reshape2,gridExtra,grid,plyr",NA,"devtools,shiny",NA,GPL,NA,NA,NA,NA,no,3.5.1
lintr,C:/Users/jenni/Documents/R/win-library/3.5,1.0.3,NA,R (>= 3.1.1),"rex, crayon, codetools, stringdist, testthat, digest, igraph,
rstudioapi (>= 0.2), httr, jsonlite, knitr, stats, utils",NA,"rmarkdown, mockery",NA,MIT + file LICENSE,NA,NA,NA,NA,no,3.5.2
listenv,C:/Users/jenni/Documents/R/win-library/3.5,0.7.0,NA,R (>= 3.1.2),NA,NA,"R.utils, R.rsp, markdown",NA,LGPL (>= 2.1),NA,NA,NA,NA,no,3.5.1
lme4,C:/Users/jenni/Documents/R/win-library/3.5,1.1-19,NA,"R (>= 3.2.0), Matrix (>= 1.2-1), methods, stats","graphics, grid, splines, utils, parallel, MASS, lattice, nlme
(>= 3.1-123), minqa (>= 1.1.15), nloptr (>= 1.0.4)","Rcpp (>= 0.10.5), RcppEigen","knitr, boot, PKPDmodels, MEMSS, testthat (>= 0.8.1), ggplot2,
mlmRev, optimx (>= 2013.8.6), gamm4, pbkrtest, HSAUR2,
numDeriv, car, dfoptim",NA,GPL (>= 2),NA,NA,NA,NA,yes,3.5.1
lmtest,C:/Users/jenni/Documents/R/win-library/3.5,0.9-36,NA,"R (>= 2.10.0), stats, zoo",graphics,NA,"car, strucchange, sandwich, dynlm, stats4, survival, AER",NA,GPL-2 | GPL-3,NA,NA,NA,NA,yes,3.5.1
loo,C:/Users/jenni/Documents/R/win-library/3.5,2.0.0,NA,R (>= 3.1.2),"graphics, matrixStats (>= 0.52), parallel, stats",NA,"bayesplot (>= 1.5.0), knitr, rmarkdown, rstan, rstanarm,
rstantools, testthat",NA,GPL (>= 3),NA,NA,NA,NA,no,3.5.1
lubridate,C:/Users/jenni/Documents/R/win-library/3.5,1.7.4,NA,"methods, R (>= 3.0.0)","stringr, Rcpp (>= 0.12.13),","Rcpp,","testthat, knitr, covr","chron, fts, timeSeries, timeDate, tis, tseries, xts, zoo",GPL (>= 2),NA,NA,NA,NA,yes,3.5.0
magic,C:/Users/jenni/Documents/R/win-library/3.5,1.5-9,NA,"R (>= 2.10), abind",NA,NA,NA,NA,GPL-2,NA,NA,NA,NA,no,3.5.1
magick,C:/Users/jenni/Documents/R/win-library/3.5,2.0,NA,NA,"Rcpp (>= 0.12.12), magrittr, curl",Rcpp,"av, spelling, jsonlite, methods, knitr, rmarkdown, rsvg,
webp, pdftools, ggplot2, raster, rgdal, gapminder, IRdisplay,
tesseract (>= 2.0), gifski",NA,MIT + file LICENSE,NA,NA,NA,NA,yes,3.5.1
magrittr,C:/Users/jenni/Documents/R/win-library/3.5,1.5,NA,NA,NA,NA,"testthat, knitr",NA,MIT + file LICENSE,NA,NA,NA,NA,no,3.5.0
manipulate,C:/Users/jenni/Documents/R/win-library/3.5,1.0.1,NA,R (>= 2.11.1),NA,NA,NA,NA,GPL-2,NA,NA,NA,NA,no,3.5.0
markdown,C:/Users/jenni/Documents/R/win-library/3.5,0.9,NA,R (>= 2.11.1),"utils, mime (>= 0.3)",NA,"knitr, RCurl",NA,GPL-2,NA,NA,NA,NA,yes,3.5.2
mason,C:/Users/jenni/Documents/R/win-library/3.5,0.2.6,NA,R (>= 3.4.0),"dplyr, tidyr, broom, magrittr, stats, utils, lazyeval",NA,"knitr, geepack, pls, rmarkdown, testthat, MASS, covr",NA,MIT + file LICENSE,NA,NA,NA,NA,no,3.5.1
matrixcalc,C:/Users/jenni/Documents/R/win-library/3.5,1.0-3,NA,R (>= 2.0.1),NA,NA,NA,NA,GPL (>= 2),NA,NA,NA,NA,NA,3.5.0
matrixStats,C:/Users/jenni/Documents/R/win-library/3.5,0.54.0,NA,R (>= 2.12.0),NA,NA,"base64enc, ggplot2, knitr, microbenchmark, R.devices, R.rsp",NA,Artistic-2.0,NA,NA,NA,NA,yes,3.5.1
memisc,C:/Users/jenni/Documents/R/win-library/3.5,0.99.14.12,NA,"R (>= 3.3.0), lattice, stats, methods, utils, MASS","grid, repr",NA,"splines, knitr, rmarkdown, sandwich","AER, car, eha, lme4, ordinal, simex",GPL-2,NA,NA,NA,NA,yes,3.5.1
memoise,C:/Users/jenni/Documents/R/win-library/3.5,1.1.0,NA,NA,digest (>= 0.6.3),NA,"testthat, aws.s3, httr, covr",NA,MIT + file LICENSE,NA,NA,NA,NA,no,3.5.1
mi,C:/Users/jenni/Documents/R/win-library/3.5,1.0,NA,"R (>= 3.0.0), methods, Matrix, stats4",arm (>= 1.4-11),NA,"betareg, lattice, knitr, MASS, nnet, parallel, sn, survival,
truncnorm, foreign",NA,GPL (>= 2),NA,NA,NA,NA,no,3.5.1
mime,C:/Users/jenni/Documents/R/win-library/3.5,0.6,NA,NA,tools,NA,NA,NA,GPL,NA,NA,NA,NA,yes,3.5.1
miniUI,C:/Users/jenni/Documents/R/win-library/3.5,0.1.1.1,NA,NA,"shiny (>= 0.13), htmltools (>= 0.3), utils",NA,NA,NA,GPL-3,NA,NA,NA,NA,no,3.5.1
minqa,C:/Users/jenni/Documents/R/win-library/3.5,1.2.4,NA,NA,Rcpp (>= 0.9.10),Rcpp,NA,NA,GPL-2,NA,NA,NA,NA,yes,3.5.1
MLmetrics,C:/Users/jenni/Documents/R/win-library/3.5,1.1.1,NA,R (>= 2.10),"stats, utils, ROCR",NA,e1071,NA,GPL-2,NA,NA,NA,NA,no,3.5.1
mnormt,C:/Users/jenni/Documents/R/win-library/3.5,1.5-5,NA,R (>= 2.2.0),NA,NA,NA,NA,GPL-2 | GPL-3,NA,NA,NA,NA,yes,3.5.0
modelr,C:/Users/jenni/Documents/R/win-library/3.5,0.1.2,NA,R (>= 3.1),"broom, dplyr, magrittr, purrr (>= 0.2.2), tibble, tidyr (>=
0.8.0), rlang (>= 0.2.0)",NA,"compiler, covr, ggplot2, testthat",NA,GPL-3,NA,NA,NA,NA,no,3.5.0
modeltools,C:/Users/jenni/Documents/R/win-library/3.5,0.2-22,NA,"stats, stats4",methods,NA,NA,NA,GPL-2,NA,NA,NA,NA,no,3.5.1
mosaic,C:/Users/jenni/Documents/R/win-library/3.5,1.5.0,NA,"R (>= 3.0.0), dplyr, lattice (>= 0.20-21), ggformula,
mosaicData, Matrix","mosaicCore (>= 0.5.0), ggplot2, ggrepel, lazyeval (>= 0.2.0),
MASS, grid, tidyr, readr, methods, utils, splines,
latticeExtra, ggdendro, gridExtra, glue, broom, leaflet",NA,"lubridate, fastR, magrittr, NHANES, RCurl, sp, maptools, vcd,
testthat, knitr, tools, parallel, mapproj, rgl, rmarkdown",manipulate,GPL (>= 2),NA,NA,NA,NA,no,3.5.2
mosaicCore,C:/Users/jenni/Documents/R/win-library/3.5,0.6.0,NA,"R (>= 3.0.0),","stats, dplyr, lazyeval, rlang, tidyr, MASS",NA,"mosaicData, mosaic, ggformula, NHANES, testthat",NA,GPL (>= 2),NA,NA,NA,NA,no,3.5.0
mosaicData,C:/Users/jenni/Documents/R/win-library/3.5,0.17.0,NA,R (>= 3.0.0),NA,NA,"lattice, mosaic, reshape2, ggplot2, dplyr, tidyr, ggformula",NA,GPL (>= 2),NA,NA,NA,NA,no,3.5.0
multcomp,C:/Users/jenni/Documents/R/win-library/3.5,1.4-8,NA,"stats, graphics, mvtnorm (>= 1.0-3), survival (>= 2.39-4),
TH.data (>= 1.0-2)","sandwich (>= 2.3-0), codetools",NA,"lme4 (>= 0.999375-16), nlme, robustbase, coin, MASS, car,
foreign, xtable, lmtest, coxme (>= 2.2-1), SimComp, ISwR",NA,GPL-2,NA,NA,NA,NA,no,3.5.1
munsell,C:/Users/jenni/Documents/R/win-library/3.5,0.5.0,NA,NA,"colorspace, methods",NA,"ggplot2, testthat",NA,MIT + file LICENSE,NA,NA,NA,NA,no,3.5.0
mvtnorm,C:/Users/jenni/Documents/R/win-library/3.5,1.0-8,NA,R(>= 1.9.0),"stats, methods",NA,NA,NA,GPL-2,NA,NA,NA,NA,yes,3.5.0
MyTemplates,C:/Users/jenni/Documents/R/win-library/3.5,0.1.0,NA,NA,NA,NA,NA,NA,What license is it under?,NA,NA,NA,NA,NA,3.5.1
network,C:/Users/jenni/Documents/R/win-library/3.5,1.13.0.1,NA,"R (>= 2.10), utils",NA,NA,"sna, statnet.common, testthat",NA,GPL (>= 2),NA,NA,NA,NA,yes,3.5.1
networkD3,C:/Users/jenni/Documents/R/win-library/3.5,0.4,NA,R (>= 3.0.0),"htmlwidgets (>= 0.3.2), igraph, magrittr",NA,"htmltools (>= 0.2.6), jsonlite,","knitr, shiny",GPL (>= 3),NA,NA,NA,NA,no,3.5.1
nloptr,C:/Users/jenni/Documents/R/win-library/3.5,1.2.1,NA,NA,NA,NA,"testthat (>= 0.8.1), knitr, rmarkdown, inline (>= 0.3.14)",NA,LGPL-3,NA,NA,NA,NA,yes,3.5.1
nnet,C:/Users/jenni/Documents/R/win-library/3.5,7.3-12,recommended,"R (>= 2.14.0), stats, utils",NA,NA,MASS,NA,GPL-2 | GPL-3,NA,NA,NA,NA,yes,3.5.1
numDeriv,C:/Users/jenni/Documents/R/win-library/3.5,2016.8-1,NA,R (>= 2.11.1),NA,NA,NA,NA,GPL-2,NA,NA,NA,NA,no,3.5.0
officer,C:/Users/jenni/Documents/R/win-library/3.5,0.3.2,NA,NA,"Rcpp (>= 0.12.12), R6, grDevices, base64enc, zip,
digest,uuid,utils,stats, magrittr,htmltools, xml2 (>= 1.1.0)",Rcpp,"testthat, devEMF, knitr,tibble,ggplot2, rmarkdown",NA,GPL-3,NA,NA,NA,NA,yes,3.5.1
openssl,C:/Users/jenni/Documents/R/win-library/3.5,1.1,NA,NA,NA,NA,"testthat, digest, knitr, rmarkdown, jsonlite, jose",NA,MIT + file LICENSE,NA,NA,NA,NA,yes,3.5.2
openxlsx,C:/Users/jenni/Documents/R/win-library/3.5,4.1.0,NA,R (>= 3.3.0),"methods, Rcpp, grDevices, stats, utils, zip",Rcpp,"knitr, testthat",NA,MIT + file LICENSE,NA,NA,NA,NA,yes,3.5.0
packrat,C:/Users/jenni/Documents/R/win-library/3.5,0.5.0,NA,R (>= 3.0.0),"tools, utils",NA,"testthat (>= 0.7), devtools, httr, knitr, rmarkdown",NA,GPL-2,NA,NA,NA,NA,no,3.5.2
pander,C:/Users/jenni/Documents/R/win-library/3.5,0.6.3,NA,R (>= 2.15.0),"grDevices, graphics, methods, utils, stats, digest, tools,
Rcpp",Rcpp,"grid, lattice, ggplot2 (>= 0.9.2), sylly, sylly.en,
futile.logger, survival, microbenchmark, zoo, nlme, descr,
MASS, knitr, rmarkdown, tables, reshape, memisc, Epi,
randomForest, tseries, gtable, rms, forecast, data.table",NA,AGPL-3 | file LICENSE,NA,NA,NA,NA,yes,3.5.1
papaja,C:/Users/jenni/Documents/R/win-library/3.5,0.1.0.9709,NA,R (>= 2.11.1),"rmarkdown (>= 1.3),
knitr (>= 1.10.5),
bookdown (>= 0.6),
yaml,
broom (>= 0.3.6),
boot,
beeswarm,
stringr,
methods",NA,"car,
carData,
afex,
lsmeans,
multcomp,
MBESS,
ggplot2,
dplyr,
downloader,
testthat,
BayesFactor,
latex2exp",NA,MIT + file LICENSE,NA,NA,NA,NA,NA,3.5.1
parsnip,C:/Users/jenni/Documents/R/win-library/3.5,0.0.1,NA,R (>= 2.10),"dplyr, rlang (>= 0.3.0.1), purrr, utils, tibble, generics,
glue, magrittr, stats, tidyr, globals",NA,"testthat, knitr, rmarkdown, survival, keras, xgboost, covr,
sparklyr",NA,GPL-2,NA,NA,NA,NA,no,3.5.2
pbapply,C:/Users/jenni/Documents/R/win-library/3.5,1.3-4,NA,R (>= 3.2.0),parallel,NA,NA,NA,GPL-2,NA,NA,NA,NA,no,3.5.0
pbivnorm,C:/Users/jenni/Documents/R/win-library/3.5,0.6.0,NA,NA,NA,NA,NA,NA,GPL (>= 2),NA,NA,NA,NA,yes,3.5.0
pillar,C:/Users/jenni/Documents/R/win-library/3.5,1.3.1,NA,NA,"cli (>= 1.0.0), crayon (>= 1.3.4), fansi (>= 0.4.0), methods,
rlang (>= 0.3.0.1), utf8 (>= 1.1.3)",NA,"knitr (>= 1.19), lubridate (>= 1.7.4), testthat (>= 2.0.0),
withr (>= 2.1.2)",NA,GPL-3,NA,NA,NA,NA,no,3.5.2
pkgbuild,C:/Users/jenni/Documents/R/win-library/3.5,1.0.2,NA,R (>= 3.1),"callr (>= 2.0.0), cli, crayon, desc, prettyunits, R6,
rprojroot, withr (>= 2.1.2)",NA,"Rcpp, testthat, covr",NA,GPL-3,NA,NA,NA,NA,no,3.5.1
pkgconfig,C:/Users/jenni/Documents/R/win-library/3.5,2.0.2,NA,NA,utils,NA,"covr, testthat, disposables (>= 1.0.3)",NA,MIT + file LICENSE,NA,NA,NA,NA,no,3.5.1
pkgload,C:/Users/jenni/Documents/R/win-library/3.5,1.0.2,NA,NA,"desc, methods, pkgbuild, rlang, rprojroot, rstudioapi, utils,
withr",NA,"bitops, covr, Rcpp, testthat",NA,GPL-3,NA,NA,NA,NA,yes,3.5.1
PKI,C:/Users/jenni/Documents/R/win-library/3.5,0.1-5.1,NA,"R (>= 2.9.0), base64enc",NA,NA,NA,gmp,GPL-2 | GPL-3 | file LICENSE,NA,NA,NA,NA,yes,3.5.0
plogr,C:/Users/jenni/Documents/R/win-library/3.5,0.2.0,NA,NA,NA,NA,Rcpp,NA,MIT + file LICENSE,NA,NA,NA,NA,no,3.5.0
pls,C:/Users/jenni/Documents/R/win-library/3.5,2.7-0,NA,R (>= 2.10),"grDevices, graphics, methods, stats",NA,"MASS, parallel, Rmpi, testthat, RUnit",NA,GPL-2,NA,NA,NA,NA,no,3.5.1
plyr,C:/Users/jenni/Documents/R/win-library/3.5,1.8.4,NA,R (>= 3.1.0),Rcpp (>= 0.11.0),Rcpp,"abind, testthat, tcltk, foreach, doParallel, itertools,
iterators, covr",NA,MIT + file LICENSE,NA,NA,NA,NA,yes,3.5.0
png,C:/Users/jenni/Documents/R/win-library/3.5,0.1-7,NA,R (>= 2.9.0),NA,NA,NA,NA,GPL-2 | GPL-3,NA,NA,NA,NA,yes,3.5.0
praise,C:/Users/jenni/Documents/R/win-library/3.5,1.0.0,NA,NA,NA,NA,testthat,NA,MIT + file LICENSE,NA,NA,NA,NA,no,3.5.0
prediction,C:/Users/jenni/Documents/R/win-library/3.5,0.3.6.1,NA,NA,"utils, stats, data.table",NA,"datasets, methods, testthat","AER, aod, betareg, biglm, brglm, caret, crch, e1071, earth,
ff, ffbase, gam (>= 1.15), gee, glmnet, glmx, kernlab, lme4,
MASS, mclogit, mda, mlogit, mnlogit, MNP, nlme, nnet, ordinal,
plm, pscl, quantreg, rpart, sampleSelection, speedglm, survey
(>= 3.31-5), survival, truncreg, VGAM",MIT + file LICENSE,NA,NA,NA,NA,no,3.5.2
prettydoc,C:/Users/jenni/Documents/R/win-library/3.5,0.2.1,NA,NA,rmarkdown (>= 1.0),NA,"knitr, KernSmooth",NA,Apache License (>= 2.0),NA,NA,NA,NA,no,3.5.1
prettyunits,C:/Users/jenni/Documents/R/win-library/3.5,1.0.2,NA,NA,"magrittr, assertthat, methods",NA,testthat,NA,MIT + file LICENSE,NA,NA,NA,NA,no,3.5.1
pROC,C:/Users/jenni/Documents/R/win-library/3.5,1.13.0,NA,R (>= 2.14),"plyr, utils, methods, Rcpp (>= 0.11.1), ggplot2,",Rcpp,"microbenchmark, tcltk, MASS, logcondens, doParallel,
testthat, vdiffr",NA,GPL (>= 3),NA,NA,NA,NA,yes,3.5.1
processx,C:/Users/jenni/Documents/R/win-library/3.5,3.2.1,NA,NA,"ps, R6, utils",NA,"callr, covr, crayon, debugme, parallel, testthat, withr",NA,MIT + file LICENSE,NA,NA,NA,NA,yes,3.5.2
prodlim,C:/Users/jenni/Documents/R/win-library/3.5,2018.04.18,NA,R (>= 2.9.0),"Rcpp (>= 0.11.5), stats, graphics, survival, KernSmooth, lava",Rcpp,NA,NA,GPL (>= 2),NA,NA,NA,NA,yes,3.5.1
progress,C:/Users/jenni/Documents/R/win-library/3.5,1.2.0,NA,NA,"hms, prettyunits, R6, crayon",NA,"Rcpp, testthat, withr",NA,MIT + file LICENSE,NA,NA,NA,NA,no,3.5.2
promises,C:/Users/jenni/Documents/R/win-library/3.5,1.0.1,NA,NA,"R6, Rcpp, later, rlang, stats, magrittr","later, Rcpp","testthat, future, knitr, rmarkdown",NA,MIT + file LICENSE,NA,NA,NA,NA,yes,3.5.1
pryr,C:/Users/jenni/Documents/R/win-library/3.5,0.1.4,NA,R (>= 3.1.0),"stringr, codetools, methods, Rcpp (>= 0.11.0)",Rcpp,testthat (>= 0.8.0),NA,GPL-2,NA,NA,NA,NA,yes,3.5.1
ps,C:/Users/jenni/Documents/R/win-library/3.5,1.3.0,NA,R (>= 3.1),utils,NA,"callr, covr, curl, pingr, processx (>= 3.1.0), R6, rlang,
testthat, tibble",NA,BSD_3_clause + file LICENSE,NA,NA,NA,NA,yes,3.5.2
psych,C:/Users/jenni/Documents/R/win-library/3.5,1.8.12,NA,R (>= 2.10),"mnormt,parallel,stats,graphics,grDevices,methods,foreign,lattice,nlme",NA,"GPArotation, lavaan, sem, lme4,Rcsdp, graph, Rgraphviz",NA,GPL (>= 2),NA,NA,NA,NA,no,3.5.2
purrr,C:/Users/jenni/Documents/R/win-library/3.5,0.2.5,NA,R (>= 3.1),"magrittr (>= 1.5), rlang (>= 0.1), tibble",NA,"covr, dplyr (>= 0.7.5), knitr, rmarkdown, testthat",NA,GPL-3 | file LICENSE,NA,NA,NA,NA,yes,3.5.0
pwr,C:/Users/jenni/Documents/R/win-library/3.5,1.2-2,NA,NA,"stats, graphics",NA,"ggplot2, scales, knitr, rmarkdown",NA,GPL (>= 3),NA,NA,NA,NA,no,3.5.1
qgraph,C:/Users/jenni/Documents/R/win-library/3.5,1.5,NA,R (>= 3.0.0),"methods, grDevices, psych, ellipse, lavaan, sem, plyr, Hmisc,
igraph, jpeg, png, colorspace, Matrix, sna, corpcor, reshape2,
ggplot2, glasso, huge, fdrtool, d3Network, ggm, gtools,
BDgraph, parallel, pbapply, abind",NA,"RSVGTipsDevice, sendplot",NA,GPL-2,NA,NA,NA,NA,yes,3.5.1
R6,C:/Users/jenni/Documents/R/win-library/3.5,2.3.0,NA,R (>= 3.0),NA,NA,"knitr, microbenchmark, pryr, testthat, ggplot2, scales",NA,MIT + file LICENSE,NA,NA,NA,NA,no,3.5.1
rapportools,C:/Users/jenni/Documents/R/win-library/3.5,1.0,NA,reshape,"plyr, pander",NA,NA,NA,AGPL-3,NA,NA,NA,NA,no,3.5.1
raster,C:/Users/jenni/Documents/R/win-library/3.5,2.8-4,NA,"methods, sp (>= 1.2-0), R (>= 3.0.0)",Rcpp,Rcpp,"rgdal (>= 0.9-1), rgeos (>= 0.3-8), ncdf4, igraph, tcltk,
parallel, rasterVis, MASS, sf, testthat",NA,GPL (>= 3),NA,NA,NA,NA,yes,3.5.2
rcmdcheck,C:/Users/jenni/Documents/R/win-library/3.5,1.3.2,NA,NA,"callr (>= 2.0.0), cli, crayon, desc (>= 1.2.0), digest,
pkgbuild, prettyunits, R6, rprojroot, sessioninfo (>= 1.1.1),
utils, withr, xopen",NA,"covr, knitr, mockery, rmarkdown, testthat",NA,MIT + file LICENSE,NA,NA,NA,NA,no,3.5.1
RColorBrewer,C:/Users/jenni/Documents/R/win-library/3.5,1.1-2,NA,R (>= 2.0.0),NA,NA,NA,NA,Apache License 2.0,NA,NA,NA,NA,no,3.5.0
Rcpp,C:/Users/jenni/Documents/R/win-library/3.5,1.0.0,NA,R (>= 3.0.0),"methods, utils",NA,"RUnit, inline, rbenchmark, knitr, rmarkdown, pinp, pkgKitten
(>= 0.1.2)",NA,GPL (>= 2),NA,NA,NA,NA,yes,3.5.1
RcppEigen,C:/Users/jenni/Documents/R/win-library/3.5,0.3.3.5.0,NA,R (>= 2.15.1),"Matrix (>= 1.1-0), Rcpp (>= 0.11.0), stats, utils",Rcpp,"inline, RUnit, pkgKitten, microbenchmark",NA,GPL (>= 2) | file LICENSE,NA,NA,NA,NA,yes,3.5.2
RcppRoll,C:/Users/jenni/Documents/R/win-library/3.5,0.3.0,NA,R (>= 2.15.1),Rcpp,Rcpp,"zoo, testthat",NA,GPL (>= 2),NA,NA,NA,NA,yes,3.5.1
RCurl,C:/Users/jenni/Documents/R/win-library/3.5,1.95-4.11,NA,"R (>= 3.0.0), methods, bitops",NA,NA,"Rcompression, XML",NA,BSD,NA,NA,NA,NA,yes,3.5.1
readr,C:/Users/jenni/Documents/R/win-library/3.5,1.3.1,NA,R (>= 3.1),"Rcpp (>= 0.12.0.5), tibble, hms (>= 0.4.1), R6, clipr, crayon,
methods","Rcpp, BH","curl, testthat, knitr, rmarkdown, stringi, covr, spelling",NA,GPL (>= 2) | file LICENSE,NA,NA,NA,NA,yes,3.5.2
readxl,C:/Users/jenni/Documents/R/win-library/3.5,1.2.0,NA,NA,"cellranger, progress, Rcpp (>= 0.12.18), tibble (>= 1.3.1),
utils","progress, Rcpp","covr, knitr, rmarkdown, rprojroot (>= 1.1), testthat",NA,GPL-3,NA,NA,NA,NA,yes,3.5.2
rebus,C:/Users/jenni/Documents/R/win-library/3.5,0.1-3,NA,R (>= 3.1.0),"rebus.base (>= 0.0-3), rebus.datetimes, rebus.numbers,
rebus.unicode (>= 0.0-2)",NA,testthat,NA,Unlimited,NA,NA,NA,NA,no,3.5.1
rebus.base,C:/Users/jenni/Documents/R/win-library/3.5,0.0-3,NA,R (>= 3.1.0),stats,NA,"stringi, testthat",NA,Unlimited,NA,NA,NA,NA,no,3.5.1
rebus.datetimes,C:/Users/jenni/Documents/R/win-library/3.5,0.0-1,NA,R (>= 3.1.0),rebus.base,NA,"stats, testthat",NA,Unlimited,NA,NA,NA,NA,no,3.5.1
rebus.numbers,C:/Users/jenni/Documents/R/win-library/3.5,0.0-1,NA,R (>= 3.1.0),"rebus.base, utils",NA,testthat,NA,Unlimited,NA,NA,NA,NA,no,3.5.1
rebus.unicode,C:/Users/jenni/Documents/R/win-library/3.5,0.0-2,NA,R (>= 3.1.0),rebus.base (>= 0.0-2),NA,stringi,NA,Unlimited,NA,NA,NA,NA,no,3.5.1
recipes,C:/Users/jenni/Documents/R/win-library/3.5,0.1.4,NA,"R (>= 3.1), dplyr","generics, gower, ipred, lubridate, magrittr, Matrix, purrr (>=
0.2.3), RcppRoll, rlang (>= 0.3.0.1), stats, tibble, tidyr,
tidyselect (>= 0.1.1), timeDate, utils, withr",NA,"covr, ddalpha, dimRed (>= 0.2.2), fastICA, ggplot2, igraph,
kernlab, knitr, NMF, pls, RANN, rmarkdown, rpart, rsample,
RSpectra, testthat",NA,GPL-2,NA,NA,NA,NA,no,3.5.2
rematch,C:/Users/jenni/Documents/R/win-library/3.5,1.0.1,NA,NA,NA,NA,"covr, testthat",NA,MIT + file LICENSE,NA,NA,NA,NA,no,3.5.0
remotes,C:/Users/jenni/Documents/R/win-library/3.5,2.0.2,NA,R (>= 3.0.0),"methods, utils",NA,"curl, covr, git2r (>= 0.23.0), knitr, mockery, pkgbuild (>=
1.0.1), pingr, rmarkdown, testthat, withr",NA,GPL (>= 2),NA,NA,NA,NA,no,3.5.1
reprex,C:/Users/jenni/Documents/R/win-library/3.5,0.2.1,NA,R (>= 3.1),"callr (>= 2.0.0), clipr (>= 0.4.0), fs, rlang, rmarkdown,
tools, utils, whisker, withr",NA,"covr, devtools, fortunes, knitr, miniUI, rprojroot,
rstudioapi, shiny, styler (>= 1.0.2), testthat (>= 2.0.0)",NA,MIT + file LICENSE,NA,NA,NA,NA,no,3.5.1
repurrrsive,C:/Users/jenni/Documents/R/win-library/3.5,0.1.0,NA,R (>= 2.10),"tibble, utils",NA,"gapminder, jsonlite, purrr, rprojroot, testthat, wesanderson,
xml2",NA,CC0,NA,NA,NA,NA,no,3.5.2
reshape,C:/Users/jenni/Documents/R/win-library/3.5,0.8.8,NA,R (>= 2.6.1),plyr,NA,NA,NA,MIT + file LICENSE,NA,NA,NA,NA,yes,3.5.1
reshape2,C:/Users/jenni/Documents/R/win-library/3.5,1.4.3,NA,R (>= 3.1),"plyr (>= 1.8.1), Rcpp, stringr",Rcpp,"covr, lattice, testthat (>= 0.8.0)",NA,MIT + file LICENSE,NA,NA,NA,NA,yes,3.5.0
rex,C:/Users/jenni/Documents/R/win-library/3.5,1.1.2,NA,NA,"magrittr, lazyeval",NA,"testthat, knitr, rmarkdown, dplyr, ggplot2, Hmisc, stringr,
rvest, roxygen2, covr",NA,MIT + file LICENSE,NA,NA,NA,NA,no,3.5.2
rio,C:/Users/jenni/Documents/R/win-library/3.5,0.5.16,NA,R (>= 2.15.0),"tools, stats, utils, foreign, haven (>= 1.1.0), curl (>= 0.6),
data.table (>= 1.9.8), readxl (>= 0.1.1), openxlsx, tibble",NA,"datasets, bit64, testthat, knitr, magrittr, clipr, csvy,
feather, fst, hexView, jsonlite, readODS (>= 1.6.4), readr,
rmatio, xml2 (>= 1.2.0), yaml",NA,GPL-2,NA,NA,NA,NA,no,3.5.1
riverplot,C:/Users/jenni/Documents/R/win-library/3.5,0.6,NA,NA,NA,NA,NA,NA,GPL (>= 2.0),NA,NA,NA,NA,no,3.5.0
rJava,C:/Users/jenni/Documents/R/win-library/3.5,0.9-10,NA,"R (>= 2.5.0), methods",NA,NA,NA,NA,GPL-2,NA,NA,NA,NA,yes,3.5.0
rjson,C:/Users/jenni/Documents/R/win-library/3.5,0.2.20,NA,R (>= 3.1.0),NA,NA,NA,NA,GPL-2,NA,NA,NA,NA,yes,3.5.0
RJSONIO,C:/Users/jenni/Documents/R/win-library/3.5,1.3-1.1,NA,NA,methods,NA,NA,NA,BSD_3_clause + file LICENSE,NA,NA,NA,NA,yes,3.5.2
rlang,C:/Users/jenni/Documents/R/win-library/3.5,0.3.1,NA,R (>= 3.1.0),NA,NA,"crayon, magrittr, methods, pillar, testthat (>= 2.0.0), covr",NA,GPL-3,NA,NA,NA,NA,yes,3.5.2
rmarkdown,C:/Users/jenni/Documents/R/win-library/3.5,1.11,NA,R (>= 3.0),"tools, utils, knitr (>= 1.18), yaml (>= 2.1.19), htmltools (>=
0.3.5), evaluate (>= 0.8), base64enc, jsonlite, mime, tinytex
(>= 0.3), methods, stringr (>= 1.2.0)",NA,"shiny (>= 0.11), tufte, testthat, digest, dygraphs, tibble,
callr (>= 2.0.0)",NA,GPL-3,NA,NA,NA,NA,no,3.5.2
RMySQL,C:/Users/jenni/Documents/R/win-library/3.5,0.10.16,NA,"R (>= 2.8.0), DBI (>= 0.4)",methods,NA,"testthat, curl",NA,GPL-2,NA,NA,NA,NA,yes,3.5.2
robustbase,C:/Users/jenni/Documents/R/win-library/3.5,0.93-3,NA,R (>= 3.1.0),"stats, graphics, utils, methods, DEoptimR",NA,"grid, MASS, lattice, boot, cluster, Matrix, robust,
fit.models, MPV, xtable, ggplot2, GGally, RColorBrewer,
reshape2, sfsmisc, catdata, doParallel, foreach, skewt",NA,GPL (>= 2),NA,NA,NA,NA,yes,3.5.1
ROCR,C:/Users/jenni/Documents/R/win-library/3.5,1.0-7,NA,"gplots, methods",NA,NA,NA,NA,GPL (>= 2),NA,NA,NA,NA,no,3.5.1
roxygen2,C:/Users/jenni/Documents/R/win-library/3.5,6.1.1,NA,R (>= 3.1),"brew, commonmark, desc (>= 1.2.0), digest, methods, pkgload
(>= 1.0.2), purrr, R6 (>= 2.1.2), Rcpp (>= 0.11.0), stringi,
stringr (>= 1.0.0), utils, xml2",Rcpp,"covr, devtools, knitr, rmarkdown, testthat (>= 0.8.0)",NA,GPL (>= 2),NA,NA,NA,NA,yes,3.5.1
rprojroot,C:/Users/jenni/Documents/R/win-library/3.5,1.3-2,NA,R (>= 3.0.0),backports,NA,"testthat, mockr, knitr, withr, rmarkdown",NA,GPL-3,NA,NA,NA,NA,no,3.5.0
RPushbullet,C:/Users/jenni/Documents/R/win-library/3.5,0.3.1,NA,NA,"utils, stats, jsonlite, curl",NA,NA,NA,GPL (>= 2),NA,NA,NA,NA,no,3.5.1
rsample,C:/Users/jenni/Documents/R/win-library/3.5,0.0.4,NA,"R (>= 3.1), tidyr","dplyr, purrr, tibble (>= 2.0.0), rlang, methods, generics",NA,"ggplot2, testthat, rmarkdown, knitr, AmesHousing, recipes (>=
0.1.4), broom",NA,GPL-2,NA,NA,NA,NA,no,3.5.2
rsconnect,C:/Users/jenni/Documents/R/win-library/3.5,0.8.13,NA,R (>= 3.0.0),"openssl, RCurl, jsonlite, packrat (>= 0.4.8-1), yaml (>=
2.1.5), rstudioapi (>= 0.5)",NA,"knitr, testthat, rmarkdown (>= 1.1), plumber (>= 0.3.2),
reticulate, shiny, sourcetools, xtable",NA,GPL-2,NA,NA,NA,NA,no,3.5.2
Rserve,C:/Users/jenni/Documents/R/win-library/3.5,1.7-3,NA,R (>= 1.5.0),NA,NA,RSclient,NA,GPL-2 | file LICENSE,NA,NA,NA,NA,yes,3.5.0
rstan,C:/Users/jenni/Documents/R/win-library/3.5,2.18.2,NA,"R (>= 3.4.0), ggplot2 (>= 2.0.0), StanHeaders (>= 2.18.0)","methods, stats4, inline, gridExtra (>= 2.0.0), Rcpp (>=
0.12.0), loo (>= 2.0.0), pkgbuild","Rcpp (>= 0.12.0), RcppEigen (>= 0.3.3.3.0), BH (>= 1.66),
StanHeaders (>= 2.18.0)","RUnit, RcppEigen (>= 0.3.3.3.0), BH (>= 1.66), parallel,
KernSmooth, shinystan (>= 2.3.0), bayesplot (>= 1.5.0),
rmarkdown, rstantools, rstudioapi, Matrix, knitr (>= 1.15.1)",NA,GPL (>= 3),NA,NA,NA,NA,yes,3.5.1
rstanarm,C:/Users/jenni/Documents/R/win-library/3.5,2.18.2,NA,"R (>= 3.4.0), Rcpp (>= 0.12.0), methods","bayesplot (>= 1.5.0), ggplot2 (>= 2.2.1), lme4 (>= 1.1-8), loo
(>= 2.0.0), Matrix (>= 1.2-13), nlme (>= 3.1-124), rstan (>=
2.18.1), rstantools (>= 1.4.0), shinystan (>= 2.3.0), stats,
survival (>= 2.40.1), utils","StanHeaders (>= 2.18.0), rstan (>= 2.18.1), BH (>= 1.66.0),
Rcpp (>= 0.12.0), RcppEigen (>= 0.3.3.3.0)","betareg, data.table (>= 1.10.0), digest, gridExtra, HSAUR3,
knitr (>= 1.15.1), MASS, mgcv (>= 1.8-13), rmarkdown, roxygen2,
testthat (>= 1.0.2)",NA,GPL (>= 3),NA,NA,NA,NA,yes,3.5.2
rstantools,C:/Users/jenni/Documents/R/win-library/3.5,1.5.1,NA,NA,"stats, utils",NA,"bayesplot (>= 1.5.0), rstan (>= 2.17.2), rstanarm (>=
2.17.4), shinystan (>= 2.4.0), loo (>= 2.0.0), testthat, covr,
knitr, devtools, roxygen2 (>= 6.0.1), rmarkdown, rstudioapi,
usethis (>= 1.3.0)",NA,GPL (>= 3),NA,NA,NA,NA,no,3.5.1
rstudioapi,C:/Users/jenni/Documents/R/win-library/3.5,0.9.0,NA,NA,NA,NA,"testthat, knitr, rmarkdown",NA,MIT + file LICENSE,NA,NA,NA,NA,no,3.5.2
rvest,C:/Users/jenni/Documents/R/win-library/3.5,0.3.2,NA,"R (>= 3.0.1), xml2","httr (>= 0.5), selectr, magrittr",NA,"testthat, knitr, png, stringi (>= 0.3.1), rmarkdown, covr",NA,GPL-3,NA,NA,NA,NA,no,3.5.0
sandwich,C:/Users/jenni/Documents/R/win-library/3.5,2.5-0,NA,R (>= 2.10.0),"stats, utils, zoo",NA,"AER, car, geepack, lattice, lmtest, MASS, multiwayvcov,
parallel, pcse, plm, pscl, scatterplot3d, stats4, strucchange,
survival",NA,GPL-2 | GPL-3,NA,NA,NA,NA,no,3.5.1
scales,C:/Users/jenni/Documents/R/win-library/3.5,1.0.0,NA,R (>= 3.1),"labeling, munsell (>= 0.5), R6, RColorBrewer, Rcpp,
viridisLite",Rcpp,"dichromat, bit64, covr, hms, testthat (>= 2.0)",NA,MIT + file LICENSE,NA,NA,NA,NA,yes,3.5.1
selectr,C:/Users/jenni/Documents/R/win-library/3.5,0.4-1,NA,R (>= 3.0),"methods, stringr, R6",NA,"testthat, XML, xml2",NA,BSD_3_clause + file LICENCE,NA,NA,NA,NA,no,3.5.0
sem,C:/Users/jenni/Documents/R/win-library/3.5,3.1-9,NA,"R (>= 2.14.0), stats","matrixcalc, MASS, boot, mi (>= 0.9-99), utils",NA,"polycor, MBESS, DiagrammeR",NA,GPL (>= 2),NA,NA,NA,NA,yes,3.5.1
sessioninfo,C:/Users/jenni/Documents/R/win-library/3.5,1.1.1,NA,NA,"cli, tools, utils, withr",NA,"callr, covr, mockery, testthat",NA,GPL-2,NA,NA,NA,NA,no,3.5.1
sfsmisc,C:/Users/jenni/Documents/R/win-library/3.5,1.1-3,NA,R (>= 3.2.0),"grDevices, methods, utils, stats",NA,"datasets, tcltk, cluster, lattice, MASS, Matrix, nlme, lokern","mgcv, rpart, nor1mix, polycor, sm, tikzDevice",GPL (>= 2),NA,NA,NA,NA,no,3.5.2
shiny,C:/Users/jenni/Documents/R/win-library/3.5,1.2.0,NA,"R (>= 3.0.2), methods","utils, grDevices, httpuv (>= 1.4.4), mime (>= 0.3), jsonlite
(>= 0.9.16), xtable, digest, htmltools (>= 0.3.5), R6 (>= 2.0),
sourcetools, later (>= 0.7.2), promises (>= 1.0.1), tools,
crayon, rlang",NA,"datasets, Cairo (>= 1.5-5), testthat, knitr (>= 1.6),
markdown, rmarkdown, ggplot2, magrittr",NA,GPL-3 | file LICENSE,NA,NA,NA,NA,no,3.5.1
shinyjs,C:/Users/jenni/Documents/R/win-library/3.5,1.0,NA,R (>= 3.1.0),"digest (>= 0.6.8), htmltools (>= 0.2.9), jsonlite, shiny (>=
1.0.0)",NA,"knitr (>= 1.7), rmarkdown, shinyAce, testthat (>= 0.9.1), V8
(>= 0.6)",NA,AGPL-3,NA,NA,NA,NA,no,3.5.1
shinystan,C:/Users/jenni/Documents/R/win-library/3.5,2.5.0,NA,"R (>= 3.1.0), shiny (>= 1.0.3)","bayesplot (>= 1.5.0), colourpicker, DT (>= 0.2), dygraphs (>=
1.1.1.2), ggplot2 (>= 2.1.1), gridExtra, gtools, markdown (>=
0.7.4), methods, reshape2, rsconnect (>= 0.4.2), rstan (>=
2.17.1), stats, shinyjs (>= 0.6.0), shinythemes (>= 1.0.1),
threejs (>= 0.2.1), utils, xtable, xts (>= 0.9-7)",NA,"coda, knitr (>= 1.9), rmarkdown (>= 0.8.1), rstanarm (>=
2.17.4), testthat",NA,GPL (>= 3),NA,NA,NA,NA,no,3.5.1
shinythemes,C:/Users/jenni/Documents/R/win-library/3.5,1.1.2,NA,R (>= 3.0.0),shiny (>= 0.11),NA,NA,NA,GPL-3 | file LICENSE,NA,NA,NA,NA,no,3.5.1
sjlabelled,C:/Users/jenni/Documents/R/win-library/3.5,1.0.16,NA,"R (>= 3.2), stats","broom, dplyr, haven (>= 1.1.2), magrittr, prediction, purrr,
rlang, snakecase, utils",NA,"glmmTMB, Hmisc, sjmisc, sjPlot, survey, knitr, rmarkdown,
Zelig, testthat",NA,GPL-3,NA,NA,NA,NA,no,3.5.2
sjmisc,C:/Users/jenni/Documents/R/win-library/3.5,2.7.7,NA,"R (>= 3.2), stats, utils","broom (>= 0.4.5), crayon, dplyr, haven (>= 1.1.2), magrittr,
methods, purrr, rlang, sjlabelled (>= 1.0.13), stringdist (>=
0.9.4), stringr (>= 1.2.0), tidyr",NA,"ggplot2, graphics, mice, sjPlot, sjstats, knitr, rmarkdown,
testthat",NA,GPL-3,NA,NA,NA,NA,no,3.5.2
sjPlot,C:/Users/jenni/Documents/R/win-library/3.5,2.6.2,NA,"R (>= 3.2), graphics, grDevices, stats, utils","broom, dplyr (>= 0.7.5), forcats, ggeffects (>= 0.7.0),
glmmTMB, ggplot2 (>= 2.2.1), knitr, lme4 (>= 1.1-12), magrittr,
MASS, modelr, nlme, psych, purrr, rlang, scales, sjlabelled (>=
1.0.14), sjmisc (>= 2.7.6), sjstats (>= 0.17.2), tidyr (>=
0.7.0)",NA,"brms, car, cluster, GPArotation, gridExtra, ggrepel,
ggridges, pscl, rstanarm, survey, TMB, Zelig, testthat",NA,GPL-3,NA,NA,NA,NA,no,3.5.2
sjstats,C:/Users/jenni/Documents/R/win-library/3.5,0.17.3,NA,"R (>= 3.2), stats, utils","bayesplot, broom, coin, crayon, dplyr, emmeans, lme4, glmmTMB
(>= 0.2.2.0), magrittr, MASS, Matrix, modelr, nlme, purrr, pwr,
rlang, sjlabelled (>= 1.0.14), sjmisc (>= 2.7.5), tidyr",NA,"brms, car, ggplot2, ggridges, graphics, knitr, loo,
mediation, pbkrtest (>= 0.4-7), pROC, psych, sandwich, scales,
splines, sjPlot, survey, rstan, rstantools, rstanarm, VGAM,
Zelig, testthat",NA,GPL-3,NA,NA,NA,NA,no,3.5.2
skimr,C:/Users/jenni/Documents/R/win-library/3.5,1.0.4,NA,R (>= 3.1.2),"cli, dplyr (>= 0.7), magrittr, pander, purrr, rlang, stats,
stringr (>= 1.1), knitr (>= 1.2), tibble (>= 0.6), tidyr (>=
0.7), tidyselect (>= 0.2.4)",NA,"extrafont, rmarkdown, testthat (>= 2.0.0), withr, covr",NA,GPL-3,NA,NA,NA,NA,no,3.5.2
sna,C:/Users/jenni/Documents/R/win-library/3.5,2.4,NA,"R (>= 2.0.0), utils, statnet.common, network",NA,NA,"rgl, numDeriv, SparseM",NA,GPL (>= 2),NA,NA,NA,NA,yes,3.5.1
snakecase,C:/Users/jenni/Documents/R/win-library/3.5,0.9.2,NA,R (>= 3.1),"stringr, stringi",NA,"testthat, covr, tibble, purrrlyr, knitr, rmarkdown",NA,GPL-3,NA,NA,NA,NA,no,3.5.1
SnowballC,C:/Users/jenni/Documents/R/win-library/3.5,0.5.1,NA,NA,NA,NA,NA,NA,BSD_2_clause + file LICENSE,NA,NA,NA,NA,yes,3.5.0
sourcetools,C:/Users/jenni/Documents/R/win-library/3.5,0.1.7,NA,R (>= 3.0.2),NA,NA,testthat,NA,MIT + file LICENSE,NA,NA,NA,NA,yes,3.5.1
sp,C:/Users/jenni/Documents/R/win-library/3.5,1.3-1,NA,"R (>= 3.0.0), methods","utils, stats, graphics, grDevices, lattice, grid",NA,"RColorBrewer, rgdal (>= 0.8-7), rgeos (>= 0.3-13), gstat,
maptools, deldir",NA,GPL (>= 2),NA,NA,NA,NA,yes,3.5.2
SQUAREM,C:/Users/jenni/Documents/R/win-library/3.5,2017.10-1,NA,R (>= 3.0),NA,NA,setRNG,NA,GPL (>= 2),NA,NA,NA,NA,no,3.5.0
StanHeaders,C:/Users/jenni/Documents/R/win-library/3.5,2.18.0-1,NA,R (>= 3.4.0),NA,NA,"Rcpp, RcppEigen, BH, knitr (>= 1.15.1), rmarkdown",NA,BSD_3_clause + file LICENSE,NA,NA,NA,NA,yes,3.5.2
stargazer,C:/Users/jenni/Documents/R/win-library/3.5,5.2.2,NA,NA,"stats, utils",NA,NA,"AER, betareg, brglm, censReg, dynlm, eha, erer, ergm, fGarch,
gee, glmx, gmm, lfe, lme4, lmtest, MASS, mclogit, mgcv, mlogit,
mnlogit, nlme, nnet, ordinal, plm, pscl, quantreg, rms,
relevent, robustbase, sampleSelection, spdep, survey, survival,
Zelig",GPL (>= 2),NA,NA,NA,NA,no,3.5.0
statnet.common,C:/Users/jenni/Documents/R/win-library/3.5,4.2.0,NA,R (>= 3.5),"utils, methods, coda, parallel, tools",NA,covr,NA,GPL-3 + file LICENSE,NA,NA,NA,NA,yes,3.5.2
stopwords,C:/Users/jenni/Documents/R/win-library/3.5,0.9.0,NA,R (>= 2.10),ISOcodes,NA,"quanteda, testthat, covr",NA,MIT + file LICENSE,NA,NA,NA,NA,no,3.5.1
stringdist,C:/Users/jenni/Documents/R/win-library/3.5,0.9.5.1,NA,R (>= 2.15.3),parallel,NA,testthat,NA,GPL-3,NA,NA,NA,NA,yes,3.5.1
stringi,C:/Users/jenni/Documents/R/win-library/3.5,1.2.4,NA,R (>= 2.14),"tools, utils, stats",NA,NA,NA,file LICENSE,yes,NA,NA,NA,yes,3.5.1
stringr,C:/Users/jenni/Documents/R/win-library/3.5,1.3.1,NA,R (>= 3.1),"glue (>= 1.2.0), magrittr, stringi (>= 1.1.7)",NA,"covr, htmltools, htmlwidgets, knitr, rmarkdown, testthat",NA,GPL-2 | file LICENSE,NA,NA,NA,NA,no,3.5.0
summarytools,C:/Users/jenni/Documents/R/win-library/3.5,0.8.8,NA,NA,"grDevices, htmltools, lubridate, matrixStats, methods, pander,
pryr, rapportools, RCurl, utils",NA,"rstudioapi, knitr, rmarkdown",NA,GPL-2,NA,NA,NA,NA,no,3.5.1
survey,C:/Users/jenni/Documents/R/win-library/3.5,3.35,NA,"R (>= 3.1.0), grid, methods, Matrix, survival","stats, graphics, splines, lattice, minqa, numDeriv",NA,"foreign, MASS, KernSmooth, hexbin, mitools, RSQLite, RODBC,
quantreg, parallel, CompQuadForm, DBI",NA,GPL-2 | GPL-3,NA,NA,NA,NA,no,3.5.2
tables,C:/Users/jenni/Documents/R/win-library/3.5,0.8.7,NA,"R (>= 2.12.0), Hmisc","stats, utils, knitr",NA,"magrittr, kableExtra (>= 0.9.0)",NA,GPL-2,NA,NA,NA,NA,no,3.5.1
tabulizer,C:/Users/jenni/Documents/R/win-library/3.5,0.2.2,NA,NA,"png, rJava, tabulizerjars, tools, utils",NA,"graphics, grDevices, knitr, miniUI, shiny, testthat",NA,MIT + file LICENSE,NA,NA,NA,NA,no,3.5.1
tabulizerjars,C:/Users/jenni/Documents/R/win-library/3.5,1.0.1,NA,NA,rJava,NA,NA,NA,MIT + file LICENSE,NA,NA,NA,NA,no,3.5.0
testthat,C:/Users/jenni/Documents/R/win-library/3.5,2.0.1,NA,R (>= 3.1),"cli, crayon, digest, magrittr, methods, praise, R6 (>= 2.2.0),
rlang, withr (>= 2.0.0)",NA,"covr, devtools, knitr, rmarkdown, usethis, xml2",NA,MIT + file LICENSE,NA,NA,NA,NA,yes,3.5.1
testthis,C:/Users/jenni/Documents/R/win-library/3.5,1.0.4,NA,NA,"assertthat, devtools, usethis (>= 0.1.0), testthat, stringi,
magrittr, utils, stats, tools, pkgload",NA,"rprojroot, knitr, rmarkdown, rstudioapi, roxygen2 (>= 5.0.0)",NA,MIT + file LICENSE,NA,NA,NA,NA,no,3.5.1
TH.data,C:/Users/jenni/Documents/R/win-library/3.5,1.0-9,NA,"R (>= 2.10.0), survival, MASS",NA,NA,"dplyr, gdata, plyr",NA,GPL-3,NA,NA,NA,NA,no,3.5.1
threejs,C:/Users/jenni/Documents/R/win-library/3.5,0.3.1,NA,"R (>= 3.0.0), igraph (>= 1.0.0)","htmlwidgets (>= 0.3.2), base64enc, crosstalk, methods, stats",NA,maps,"knitr, shiny",MIT + file LICENSE,NA,NA,NA,NA,no,3.5.1
tibble,C:/Users/jenni/Documents/R/win-library/3.5,2.0.1,NA,R (>= 3.1.0),"cli (>= 1.0.1), crayon (>= 1.3.4), fansi (>= 0.4.0), methods,
pillar (>= 1.3.1), pkgconfig (>= 2.0.2), rlang (>= 0.3.1),
utils",NA,"bench (>= 1.0.1), covr (>= 3.2.1), dplyr (>= 0.7.8),
htmltools (>= 0.3.6), import (>= 1.1.0), knitr (>= 1.21), mockr
(>= 0.1), nycflights13 (>= 1.0.0), rmarkdown (>= 1.11),
testthat (>= 2.0.1), withr (>= 2.1.2)",NA,MIT + file LICENSE,NA,NA,NA,NA,yes,3.5.2
tidymodels,C:/Users/jenni/Documents/R/win-library/3.5,0.0.2,NA,R (>= 3.1),"broom (>= 0.5.0), cli (>= 1.0.1), crayon (>= 1.3.4), dials (>=
0.0.1), dplyr (>= 0.7.8), ggplot2 (>= 3.1.0), infer (>= 0.4.0),
magrittr (>= 1.5), parsnip (>= 0.0.1), pillar (>= 1.3.0), purrr
(>= 0.2.5), recipes (>= 0.1.4), rlang (>= 0.3.0.1), rsample (>=
0.0.3), rstudioapi (>= 0.8), tibble (>= 1.4.2), tidytext (>=
0.2.0), tidypredict (>= 0.2.0), tidyposterior (>= 0.0.2),
yardstick (>= 0.0.2)",NA,"covr, knitr, rmarkdown, testthat",NA,GPL-3 | file LICENSE,NA,NA,NA,NA,no,3.5.2
tidyposterior,C:/Users/jenni/Documents/R/win-library/3.5,0.0.2,NA,R (>= 2.10),"rsample (>= 0.0.2), tidyr (>= 0.7.1), dplyr, rstanarm (>=
2.15.3), rlang, utils, purrr, tibble, generics, ggplot2,",NA,"knitr, testthat, covr",NA,GPL-2,NA,NA,NA,NA,no,3.5.2
tidypredict,C:/Users/jenni/Documents/R/win-library/3.5,0.3.0,NA,R (>= 3.1),"dplyr(>= 0.7), rlang, purrr, knitr",NA,"dbplyr, testthat, randomForest, ranger, earth, rmarkdown,
nycflights13, RSQLite, methods, DBI, covr",NA,GPL-3,NA,NA,NA,NA,no,3.5.2
tidyr,C:/Users/jenni/Documents/R/win-library/3.5,0.8.2,NA,R (>= 3.1),"dplyr (>= 0.7.0), glue, magrittr, purrr, Rcpp, rlang, stringi,
tibble, tidyselect (>= 0.2.5)",Rcpp,"covr, gapminder, knitr, rmarkdown, testthat",NA,MIT + file LICENSE,NA,NA,NA,NA,yes,3.5.1
tidyselect,C:/Users/jenni/Documents/R/win-library/3.5,0.2.5,NA,R (>= 3.1),"glue (>= 1.3.0), purrr, rlang (>= 0.2.2), Rcpp (>= 0.12.0)","Rcpp (>= 0.12.0),","covr, dplyr, testthat",NA,GPL-3,NA,NA,NA,NA,yes,3.5.1
tidytext,C:/Users/jenni/Documents/R/win-library/3.5,0.2.0,NA,R (>= 2.10),"rlang, dplyr, stringr, hunspell, broom, Matrix, tokenizers,
janeaustenr, purrr (>= 0.1.1), methods, stopwords",NA,"readr, tidyr, XML, tm, quanteda, knitr, rmarkdown, ggplot2,
reshape2, wordcloud, topicmodels, NLP, scales, gutenbergr,
testthat, mallet, stm, data.table",NA,MIT + file LICENSE,NA,NA,NA,NA,no,3.5.1
tidyverse,C:/Users/jenni/Documents/R/win-library/3.5,1.2.1,NA,NA,"broom (>= 0.4.2), cli (>= 1.0.0), crayon (>= 1.3.4), dplyr (>=
0.7.4), dbplyr (>= 1.1.0), forcats (>= 0.2.0), ggplot2 (>=
2.2.1), haven (>= 1.1.0), hms (>= 0.3), httr (>= 1.3.1),
jsonlite (>= 1.5), lubridate (>= 1.7.1), magrittr (>= 1.5),
modelr (>= 0.1.1), purrr (>= 0.2.4), readr (>= 1.1.1), readxl
(>= 1.0.0), reprex (>= 0.1.1), rlang (>= 0.1.4), rstudioapi (>=
0.7), rvest (>= 0.3.2), stringr (>= 1.2.0), tibble (>= 1.3.4),
tidyr (>= 0.7.2), xml2 (>= 1.1.1)",NA,"feather (>= 0.3.1), knitr (>= 1.17), rmarkdown (>= 1.7.4)",NA,GPL-3 | file LICENSE,NA,NA,NA,NA,no,3.5.2
timeDate,C:/Users/jenni/Documents/R/win-library/3.5,3043.102,NA,"R (>= 2.15.1), graphics, utils, stats, methods",NA,NA,"date, RUnit",NA,GPL (>= 2),NA,NA,NA,NA,no,3.5.1
tinytex,C:/Users/jenni/Documents/R/win-library/3.5,0.10,NA,NA,xfun (>= 0.3),NA,"testit, rstudioapi",NA,MIT + file LICENSE,NA,NA,NA,NA,no,3.5.2
TMB,C:/Users/jenni/Documents/R/win-library/3.5,1.7.15,NA,R (>= 3.0.0),"graphics, methods, stats, utils, Matrix (>= 1.0-12)","Matrix, RcppEigen","numDeriv, parallel",NA,GPL-2,NA,NA,NA,NA,yes,3.5.1
tokenizers,C:/Users/jenni/Documents/R/win-library/3.5,0.2.1,NA,R (>= 3.1.3),"stringi (>= 1.0.1), Rcpp (>= 0.12.3), SnowballC (>= 0.5.1)",Rcpp,"covr, knitr, rmarkdown, stopwords (>= 0.9.0), testthat",NA,MIT + file LICENSE,NA,NA,NA,NA,yes,3.5.1
usethis,C:/Users/jenni/Documents/R/win-library/3.5,1.4.0,NA,R (>= 3.1),"clipr (>= 0.3.0), clisymbols, crayon, curl (>= 2.7), desc, fs
(>= 1.2.0), gh, git2r (>= 0.23), glue, rlang, rprojroot (>=
1.2), rstudioapi, utils, whisker",NA,"covr, knitr, magick, rmarkdown, roxygen2, spelling (>= 1.2),
styler (>= 1.0.2), testthat (>= 2.0.0), withr",NA,GPL-3,NA,NA,NA,NA,no,3.5.1
utf8,C:/Users/jenni/Documents/R/win-library/3.5,1.1.4,NA,R (>= 2.10),NA,NA,"knitr, rmarkdown, testthat",NA,Apache License (== 2.0) | file LICENSE,NA,NA,NA,NA,yes,3.5.0
uuid,C:/Users/jenni/Documents/R/win-library/3.5,0.1-2,NA,R (>= 2.9.0),NA,NA,NA,NA,MIT + file LICENSE,NA,NA,NA,NA,yes,3.5.0
viridis,C:/Users/jenni/Documents/R/win-library/3.5,0.5.1,NA,"R (>= 2.10), viridisLite (>= 0.3.0)","stats, ggplot2 (>= 1.0.1), gridExtra",NA,"hexbin (>= 1.27.0), scales, MASS, knitr, dichromat,
colorspace, rasterVis, httr, mapproj, vdiffr, svglite (>=
1.2.0), testthat, covr, rmarkdown, rgdal",NA,MIT + file LICENSE,NA,NA,NA,NA,no,3.5.1
viridisLite,C:/Users/jenni/Documents/R/win-library/3.5,0.3.0,NA,R (>= 2.10),NA,NA,"hexbin (>= 1.27.0), ggplot2 (>= 1.0.1), testthat, covr",NA,MIT + file LICENSE,NA,NA,NA,NA,no,3.5.0
webshot,C:/Users/jenni/Documents/R/win-library/3.5,0.5.1,NA,R (>= 3.0),"magrittr, jsonlite, callr",NA,"httpuv, knitr, rmarkdown, shiny",NA,GPL-2,NA,NA,NA,NA,no,3.5.1
whisker,C:/Users/jenni/Documents/R/win-library/3.5,0.3-2,NA,NA,NA,NA,markdown,NA,GPL-3,NA,NA,NA,NA,no,3.5.0
whoami,C:/Users/jenni/Documents/R/win-library/3.5,1.2.0,NA,NA,"httr, jsonlite, utils",NA,"covr, mockery, testthat",NA,MIT + file LICENSE,NA,NA,NA,NA,no,3.5.1
withr,C:/Users/jenni/Documents/R/win-library/3.5,2.1.2,NA,R (>= 3.0.2),"stats, graphics, grDevices",NA,"testthat, covr, lattice, DBI, RSQLite, methods, knitr,
rmarkdown",NA,GPL (>= 2),NA,NA,NA,NA,no,3.5.0
writexl,C:/Users/jenni/Documents/R/win-library/3.5,1.1,NA,NA,NA,NA,"spelling, readxl, nycflights13, testthat, bit64",NA,BSD_2_clause + file LICENSE,NA,NA,NA,NA,yes,3.5.2
xfun,C:/Users/jenni/Documents/R/win-library/3.5,0.4,NA,NA,tools,NA,"testit, parallel, rstudioapi, tinytex, mime, markdown, knitr,
htmltools, base64enc, rmarkdown",NA,MIT + file LICENSE,NA,NA,NA,NA,no,3.5.1
xlsx,C:/Users/jenni/Documents/R/win-library/3.5,0.6.1,NA,NA,"rJava, xlsxjars, grDevices, utils",NA,NA,NA,GPL-3,NA,NA,NA,NA,no,3.5.0
xlsxjars,C:/Users/jenni/Documents/R/win-library/3.5,0.6.1,NA,rJava,NA,NA,NA,NA,GPL-3,NA,NA,NA,NA,no,3.5.0
xml2,C:/Users/jenni/Documents/R/win-library/3.5,1.2.0,NA,R (>= 3.1.0),Rcpp,Rcpp (>= 0.12.12),"testthat, curl, covr, knitr, rmarkdown, magrittr, httr",NA,GPL (>= 2),NA,NA,NA,NA,yes,3.5.1
xopen,C:/Users/jenni/Documents/R/win-library/3.5,1.0.0,NA,R (>= 3.1),processx,NA,"ps, testthat",NA,MIT + file LICENSE,NA,NA,NA,NA,no,3.5.1
xtable,C:/Users/jenni/Documents/R/win-library/3.5,1.8-3,NA,R (>= 2.10.0),"stats, utils",NA,"knitr, spdep, splm, sphet, plm, zoo, survival",NA,GPL (>= 2),NA,NA,NA,NA,no,3.5.1
xts,C:/Users/jenni/Documents/R/win-library/3.5,0.11-2,NA,zoo (>= 1.7-12),methods,zoo,"timeSeries, timeDate, tseries, chron, fts, tis, RUnit",NA,GPL (>= 2),NA,NA,NA,NA,yes,3.5.1
yaml,C:/Users/jenni/Documents/R/win-library/3.5,2.2.0,NA,NA,NA,NA,RUnit,NA,BSD_3_clause + file LICENSE,NA,NA,NA,NA,yes,3.5.1
yardstick,C:/Users/jenni/Documents/R/win-library/3.5,0.0.2,NA,R (>= 2.10),"dplyr, utils, pROC, rlang, tidyselect, Rcpp, generics",Rcpp,"testthat, covr, purrr, tidyr, ggplot2, knitr, kableExtra,
rmarkdown",NA,GPL-2,NA,NA,NA,NA,yes,3.5.1
zip,C:/Users/jenni/Documents/R/win-library/3.5,1.0.0,NA,NA,NA,NA,"covr, testthat, withr",NA,CC0,NA,NA,NA,NA,yes,3.5.0
zoo,C:/Users/jenni/Documents/R/win-library/3.5,1.8-4,NA,"R (>= 3.1.0), stats","utils, graphics, grDevices, lattice (>= 0.20-27)",NA,"coda, chron, DAAG, fts, ggplot2, mondate, scales,
strucchange, timeDate, timeSeries, tis, tseries, xts",NA,GPL-2 | GPL-3,NA,NA,NA,NA,yes,3.5.1
base,C:/Program Files/R/R-3.5.2/library,3.5.2,base,NA,NA,NA,methods,NA,Part of R 3.5.2,NA,NA,NA,NA,NA,3.5.2
boot,C:/Program Files/R/R-3.5.2/library,1.3-20,recommended,"R (>= 3.0.0), graphics, stats",NA,NA,"MASS, survival",NA,Unlimited,NA,NA,NA,NA,no,3.5.2
class,C:/Program Files/R/R-3.5.2/library,7.3-14,recommended,"R (>= 3.0.0), stats, utils",MASS,NA,NA,NA,GPL-2 | GPL-3,NA,NA,NA,NA,yes,3.5.2
cluster,C:/Program Files/R/R-3.5.2/library,2.0.7-1,recommended,R (>= 3.2.0),"graphics, grDevices, stats, utils",NA,"MASS, Matrix",NA,GPL (>= 2),NA,NA,NA,NA,yes,3.5.2
codetools,C:/Program Files/R/R-3.5.2/library,0.2-15,recommended,R (>= 2.1),NA,NA,NA,NA,GPL,NA,NA,NA,NA,no,3.5.2
compiler,C:/Program Files/R/R-3.5.2/library,3.5.2,base,NA,NA,NA,NA,NA,Part of R 3.5.2,NA,NA,NA,NA,NA,3.5.2
datasets,C:/Program Files/R/R-3.5.2/library,3.5.2,base,NA,NA,NA,NA,NA,Part of R 3.5.2,NA,NA,NA,NA,NA,3.5.2
foreign,C:/Program Files/R/R-3.5.2/library,0.8-71,recommended,R (>= 3.0.0),"methods, utils, stats",NA,NA,NA,GPL (>= 2),NA,NA,NA,NA,yes,3.5.2
graphics,C:/Program Files/R/R-3.5.2/library,3.5.2,base,NA,grDevices,NA,NA,NA,Part of R 3.5.2,NA,NA,NA,NA,yes,3.5.2
grDevices,C:/Program Files/R/R-3.5.2/library,3.5.2,base,NA,NA,NA,KernSmooth,NA,Part of R 3.5.2,NA,NA,NA,NA,yes,3.5.2
grid,C:/Program Files/R/R-3.5.2/library,3.5.2,base,NA,"grDevices, utils",NA,lattice,NA,Part of R 3.5.2,NA,NA,NA,NA,yes,3.5.2
KernSmooth,C:/Program Files/R/R-3.5.2/library,2.23-15,recommended,"R (>= 2.5.0), stats",NA,NA,MASS,NA,Unlimited,NA,NA,NA,NA,yes,3.5.2
lattice,C:/Program Files/R/R-3.5.2/library,0.20-38,recommended,R (>= 3.0.0),"grid, grDevices, graphics, stats, utils",NA,"KernSmooth, MASS, latticeExtra",chron,GPL (>= 2),NA,NA,NA,NA,yes,3.5.2
MASS,C:/Program Files/R/R-3.5.2/library,7.3-51.1,recommended,"R (>= 3.1.0), grDevices, graphics, stats, utils",methods,NA,"lattice, nlme, nnet, survival",NA,GPL-2 | GPL-3,NA,NA,NA,NA,yes,3.5.2
Matrix,C:/Program Files/R/R-3.5.2/library,1.2-15,recommended,R (>= 3.2.0),"methods, graphics, grid, stats, utils, lattice",NA,"expm, MASS","MatrixModels, graph, SparseM, sfsmisc",GPL (>= 2) | file LICENCE,NA,NA,NA,NA,yes,3.5.2
methods,C:/Program Files/R/R-3.5.2/library,3.5.2,base,NA,"utils, stats",NA,codetools,NA,Part of R 3.5.2,NA,NA,NA,NA,yes,3.5.2
mgcv,C:/Program Files/R/R-3.5.2/library,1.8-26,recommended,"R (>= 2.14.0), nlme (>= 3.1-64)","methods, stats, graphics, Matrix",NA,"splines, parallel, survival, MASS",NA,GPL (>= 2),NA,NA,NA,NA,yes,3.5.2
nlme,C:/Program Files/R/R-3.5.2/library,3.1-137,recommended,R (>= 3.4.0),"graphics, stats, utils, lattice",NA,"Hmisc, MASS",NA,GPL (>= 2) | file LICENCE,NA,NA,NA,NA,yes,3.5.2
nnet,C:/Program Files/R/R-3.5.2/library,7.3-12,recommended,"R (>= 2.14.0), stats, utils",NA,NA,MASS,NA,GPL-2 | GPL-3,NA,NA,NA,NA,yes,3.5.2
parallel,C:/Program Files/R/R-3.5.2/library,3.5.2,base,NA,"tools, compiler",NA,methods,"snow, nws, Rmpi",Part of R 3.5.2,NA,NA,NA,NA,yes,3.5.2
rpart,C:/Program Files/R/R-3.5.2/library,4.1-13,recommended,"R (>= 2.15.0), graphics, stats, grDevices",NA,NA,survival,NA,GPL-2 | GPL-3,NA,NA,NA,NA,yes,3.5.2
spatial,C:/Program Files/R/R-3.5.2/library,7.3-11,recommended,"R (>= 3.0.0), graphics, stats, utils",NA,NA,MASS,NA,GPL-2 | GPL-3,NA,NA,NA,NA,yes,3.5.2
splines,C:/Program Files/R/R-3.5.2/library,3.5.2,base,NA,"graphics, stats",NA,"Matrix, methods",NA,Part of R 3.5.2,NA,NA,NA,NA,yes,3.5.2
stats,C:/Program Files/R/R-3.5.2/library,3.5.2,base,NA,"utils, grDevices, graphics",NA,"MASS, Matrix, SuppDists, methods, stats4",NA,Part of R 3.5.2,NA,NA,NA,NA,yes,3.5.2
stats4,C:/Program Files/R/R-3.5.2/library,3.5.2,base,NA,"graphics, methods, stats",NA,NA,NA,Part of R 3.5.2,NA,NA,NA,NA,NA,3.5.2
survival,C:/Program Files/R/R-3.5.2/library,2.43-3,recommended,R (>= 2.13.0),"graphics, Matrix, methods, splines, stats, utils",NA,NA,NA,LGPL (>= 2),NA,NA,NA,NA,yes,3.5.2
tcltk,C:/Program Files/R/R-3.5.2/library,3.5.2,base,NA,utils,NA,NA,NA,Part of R 3.5.2,NA,NA,NA,NA,yes,3.5.2
tools,C:/Program Files/R/R-3.5.2/library,3.5.2,base,NA,NA,NA,"codetools, methods, xml2, curl",NA,Part of R 3.5.2,NA,NA,NA,NA,yes,3.5.2
translations,C:/Program Files/R/R-3.5.2/library,3.5.2,NA,NA,NA,NA,NA,NA,Part of R 3.5.2,NA,NA,NA,NA,NA,3.5.2
utils,C:/Program Files/R/R-3.5.2/library,3.5.2,base,NA,NA,NA,"methods, xml2, commonmark",NA,Part of R 3.5.2,NA,NA,NA,NA,yes,3.5.2
